{
  "task": "humidity",
  "variant": "wo_gated_fusion",
  "description": "Relative-humidity 100-epoch component ablation completion for CLCRN-AGF without learned gated fusion.",
  "protocol": {
    "seeds": [2023, 2024, 2025],
    "epochs": 100,
    "batch_size": 32,
    "test_batch_size": 128,
    "training_precision": "pytorch_automatic_mixed_precision",
    "checkpoint_selection": "lowest_validation_mae",
    "test_evaluator": "corrected_zero_inclusive"
  },
  "amp_note": "Standard-precision attempts for this mean-fusion humidity ablation repeatedly failed with CUDA allocator exhaustion on the available Windows GPU. The run was completed with AMP while preserving batch size 32 and the same validation/test evaluator.",
  "per_seed": [
    {
      "seed": 2023,
      "best_epoch": 91,
      "best_val_mae": 4.481690406799316,
      "mae": 4.543854713439941,
      "rmse": 6.990528238007963,
      "mape": 0.07015388458967209
    },
    {
      "seed": 2024,
      "best_epoch": 90,
      "best_val_mae": 4.5002241134643555,
      "mae": 4.558072566986084,
      "rmse": 7.105721073378566,
      "mape": 0.06913693994283676
    },
    {
      "seed": 2025,
      "best_epoch": 84,
      "best_val_mae": 4.556149005889893,
      "mae": 4.622537612915039,
      "rmse": 7.133840864908597,
      "mape": 0.07285220175981522
    }
  ],
  "aggregate": {
    "mae": {
      "mean": 4.5748216311136884,
      "sample_std": 0.04193027580776244
    },
    "rmse": {
      "mean": 7.076696725431709,
      "sample_std": 0.07593705839440512
    },
    "mape": {
      "mean": 0.07071434209744136,
      "sample_std": 0.0019199940249088577
    }
  }
}
