dataset,seed,bin_left,bin_right,count
temperature,2021,0,0.01,55544
temperature,2021,0.01,0.02,149876
temperature,2021,0.02,0.029999999999999999,198571
temperature,2021,0.029999999999999999,0.040000000000000001,228588
temperature,2021,0.040000000000000001,0.050000000000000003,233658
temperature,2021,0.050000000000000003,0.059999999999999998,228152
temperature,2021,0.059999999999999998,0.070000000000000007,219182
temperature,2021,0.070000000000000007,0.080000000000000002,219255
temperature,2021,0.080000000000000002,0.089999999999999997,199284
temperature,2021,0.089999999999999997,0.10000000000000001,206449
temperature,2021,0.10000000000000001,0.11,191184
temperature,2021,0.11,0.12,221323
temperature,2021,0.12,0.13,208645
temperature,2021,0.13,0.14000000000000001,242661
temperature,2021,0.14000000000000001,0.14999999999999999,236659
temperature,2021,0.14999999999999999,0.16,288419
temperature,2021,0.16,0.17000000000000001,355516
temperature,2021,0.17000000000000001,0.17999999999999999,359262
temperature,2021,0.17999999999999999,0.19,407018
temperature,2021,0.19,0.20000000000000001,465760
temperature,2021,0.20000000000000001,0.20999999999999999,520206
temperature,2021,0.20999999999999999,0.22,578239
temperature,2021,0.22,0.23000000000000001,594373
temperature,2021,0.23000000000000001,0.23999999999999999,668843
temperature,2021,0.23999999999999999,0.25,732586
temperature,2021,0.25,0.26000000000000001,847030
temperature,2021,0.26000000000000001,0.27000000000000002,869431
temperature,2021,0.27000000000000002,0.28000000000000003,944994
temperature,2021,0.28000000000000003,0.28999999999999998,936103
temperature,2021,0.28999999999999998,0.29999999999999999,1050239
temperature,2021,0.29999999999999999,0.31,1102383
temperature,2021,0.31,0.32000000000000001,1097083
temperature,2021,0.32000000000000001,0.33000000000000002,1209629
temperature,2021,0.33000000000000002,0.34000000000000002,1241292
temperature,2021,0.34000000000000002,0.34999999999999998,1271338
temperature,2021,0.34999999999999998,0.35999999999999999,1295424
temperature,2021,0.35999999999999999,0.37,1344848
temperature,2021,0.37,0.38,1428835
temperature,2021,0.38,0.39000000000000001,1478490
temperature,2021,0.39000000000000001,0.40000000000000002,1532439
temperature,2021,0.40000000000000002,0.40999999999999998,1542664
temperature,2021,0.40999999999999998,0.41999999999999998,1548265
temperature,2021,0.41999999999999998,0.42999999999999999,1605839
temperature,2021,0.42999999999999999,0.44,1662237
temperature,2021,0.44,0.45000000000000001,1685302
temperature,2021,0.45000000000000001,0.46000000000000002,1759039
temperature,2021,0.46000000000000002,0.46999999999999997,1719348
temperature,2021,0.46999999999999997,0.47999999999999998,1726022
temperature,2021,0.47999999999999998,0.48999999999999999,1738401
temperature,2021,0.48999999999999999,0.5,1780381
temperature,2021,0.5,0.51000000000000001,1808695
temperature,2021,0.51000000000000001,0.52000000000000002,1872426
temperature,2021,0.52000000000000002,0.53000000000000003,1807011
temperature,2021,0.53000000000000003,0.54000000000000004,1777502
temperature,2021,0.54000000000000004,0.55000000000000004,1866492
temperature,2021,0.55000000000000004,0.56000000000000005,1942492
temperature,2021,0.56000000000000005,0.57000000000000006,1891372
temperature,2021,0.57000000000000006,0.57999999999999996,1811743
temperature,2021,0.57999999999999996,0.58999999999999997,1779299
temperature,2021,0.58999999999999997,0.59999999999999998,1940041
temperature,2021,0.59999999999999998,0.60999999999999999,1935614
temperature,2021,0.60999999999999999,0.62,1882703
temperature,2021,0.62,0.63,1878800
temperature,2021,0.63,0.64000000000000001,1902043
temperature,2021,0.64000000000000001,0.65000000000000002,1776528
temperature,2021,0.65000000000000002,0.66000000000000003,1706502
temperature,2021,0.66000000000000003,0.67000000000000004,1693931
temperature,2021,0.67000000000000004,0.68000000000000005,1813609
temperature,2021,0.68000000000000005,0.69000000000000006,1803306
temperature,2021,0.69000000000000006,0.70000000000000007,1783725
temperature,2021,0.70000000000000007,0.70999999999999996,1864296
temperature,2021,0.70999999999999996,0.71999999999999997,1861520
temperature,2021,0.71999999999999997,0.72999999999999998,1803881
temperature,2021,0.72999999999999998,0.73999999999999999,1761381
temperature,2021,0.73999999999999999,0.75,1750379
temperature,2021,0.75,0.76000000000000001,1718010
temperature,2021,0.76000000000000001,0.77000000000000002,1682026
temperature,2021,0.77000000000000002,0.78000000000000003,1601453
temperature,2021,0.78000000000000003,0.79000000000000004,1608670
temperature,2021,0.79000000000000004,0.80000000000000004,1466719
temperature,2021,0.80000000000000004,0.81000000000000005,1345468
temperature,2021,0.81000000000000005,0.82000000000000006,1248113
temperature,2021,0.82000000000000006,0.83000000000000007,1164006
temperature,2021,0.83000000000000007,0.83999999999999997,1095369
temperature,2021,0.83999999999999997,0.84999999999999998,1175927
temperature,2021,0.84999999999999998,0.85999999999999999,1081286
temperature,2021,0.85999999999999999,0.87,1064046
temperature,2021,0.87,0.88,1101939
temperature,2021,0.88,0.89000000000000001,1202822
temperature,2021,0.89000000000000001,0.90000000000000002,1262644
temperature,2021,0.90000000000000002,0.91000000000000003,1430345
temperature,2021,0.91000000000000003,0.92000000000000004,1637412
temperature,2021,0.92000000000000004,0.93000000000000005,1992504
temperature,2021,0.93000000000000005,0.93999999999999995,2734586
temperature,2021,0.93999999999999995,0.94999999999999996,4031835
temperature,2021,0.94999999999999996,0.95999999999999996,4086760
temperature,2021,0.95999999999999996,0.96999999999999997,3478231
temperature,2021,0.96999999999999997,0.97999999999999998,1378960
temperature,2021,0.97999999999999998,0.98999999999999999,421106
temperature,2021,0.98999999999999999,1,19619
temperature,2022,0,0.01,32936
temperature,2022,0.01,0.02,87269
temperature,2022,0.02,0.029999999999999999,131890
temperature,2022,0.029999999999999999,0.040000000000000001,194413
temperature,2022,0.040000000000000001,0.050000000000000003,240513
temperature,2022,0.050000000000000003,0.059999999999999998,265294
temperature,2022,0.059999999999999998,0.070000000000000007,272705
temperature,2022,0.070000000000000007,0.080000000000000002,287758
temperature,2022,0.080000000000000002,0.089999999999999997,335496
temperature,2022,0.089999999999999997,0.10000000000000001,440090
temperature,2022,0.10000000000000001,0.11,578581
temperature,2022,0.11,0.12,707365
temperature,2022,0.12,0.13,810262
temperature,2022,0.13,0.14000000000000001,871983
temperature,2022,0.14000000000000001,0.14999999999999999,895674
temperature,2022,0.14999999999999999,0.16,887785
temperature,2022,0.16,0.17000000000000001,867815
temperature,2022,0.17000000000000001,0.17999999999999999,843012
temperature,2022,0.17999999999999999,0.19,812707
temperature,2022,0.19,0.20000000000000001,779724
temperature,2022,0.20000000000000001,0.20999999999999999,751760
temperature,2022,0.20999999999999999,0.22,730775
temperature,2022,0.22,0.23000000000000001,713496
temperature,2022,0.23000000000000001,0.23999999999999999,702553
temperature,2022,0.23999999999999999,0.25,694627
temperature,2022,0.25,0.26000000000000001,689224
temperature,2022,0.26000000000000001,0.27000000000000002,697593
temperature,2022,0.27000000000000002,0.28000000000000003,701167
temperature,2022,0.28000000000000003,0.28999999999999998,713880
temperature,2022,0.28999999999999998,0.29999999999999999,719807
temperature,2022,0.29999999999999999,0.31,723375
temperature,2022,0.31,0.32000000000000001,739587
temperature,2022,0.32000000000000001,0.33000000000000002,756786
temperature,2022,0.33000000000000002,0.34000000000000002,769813
temperature,2022,0.34000000000000002,0.34999999999999998,793753
temperature,2022,0.34999999999999998,0.35999999999999999,815281
temperature,2022,0.35999999999999999,0.37,830473
temperature,2022,0.37,0.38,836294
temperature,2022,0.38,0.39000000000000001,856996
temperature,2022,0.39000000000000001,0.40000000000000002,949385
temperature,2022,0.40000000000000002,0.40999999999999998,1047363
temperature,2022,0.40999999999999998,0.41999999999999998,1151115
temperature,2022,0.41999999999999998,0.42999999999999999,1249830
temperature,2022,0.42999999999999999,0.44,1340732
temperature,2022,0.44,0.45000000000000001,1462738
temperature,2022,0.45000000000000001,0.46000000000000002,1618949
temperature,2022,0.46000000000000002,0.46999999999999997,1778447
temperature,2022,0.46999999999999997,0.47999999999999998,1958874
temperature,2022,0.47999999999999998,0.48999999999999999,2159607
temperature,2022,0.48999999999999999,0.5,2354439
temperature,2022,0.5,0.51000000000000001,2371883
temperature,2022,0.51000000000000001,0.52000000000000002,2547436
temperature,2022,0.52000000000000002,0.53000000000000003,2759496
temperature,2022,0.53000000000000003,0.54000000000000004,2743163
temperature,2022,0.54000000000000004,0.55000000000000004,2680682
temperature,2022,0.55000000000000004,0.56000000000000005,2796916
temperature,2022,0.56000000000000005,0.57000000000000006,2804334
temperature,2022,0.57000000000000006,0.57999999999999996,2734243
temperature,2022,0.57999999999999996,0.58999999999999997,2690054
temperature,2022,0.58999999999999997,0.59999999999999998,2438615
temperature,2022,0.59999999999999998,0.60999999999999999,2178356
temperature,2022,0.60999999999999999,0.62,2035537
temperature,2022,0.62,0.63,1987250
temperature,2022,0.63,0.64000000000000001,1785106
temperature,2022,0.64000000000000001,0.65000000000000002,1486480
temperature,2022,0.65000000000000002,0.66000000000000003,1265298
temperature,2022,0.66000000000000003,0.67000000000000004,1121108
temperature,2022,0.67000000000000004,0.68000000000000005,968024
temperature,2022,0.68000000000000005,0.69000000000000006,813103
temperature,2022,0.69000000000000006,0.70000000000000007,701410
temperature,2022,0.70000000000000007,0.70999999999999996,648466
temperature,2022,0.70999999999999996,0.71999999999999997,606538
temperature,2022,0.71999999999999997,0.72999999999999998,574198
temperature,2022,0.72999999999999998,0.73999999999999999,568036
temperature,2022,0.73999999999999999,0.75,551716
temperature,2022,0.75,0.76000000000000001,548943
temperature,2022,0.76000000000000001,0.77000000000000002,556785
temperature,2022,0.77000000000000002,0.78000000000000003,575554
temperature,2022,0.78000000000000003,0.79000000000000004,600045
temperature,2022,0.79000000000000004,0.80000000000000004,621315
temperature,2022,0.80000000000000004,0.81000000000000005,644085
temperature,2022,0.81000000000000005,0.82000000000000006,679108
temperature,2022,0.82000000000000006,0.83000000000000007,706648
temperature,2022,0.83000000000000007,0.83999999999999997,738296
temperature,2022,0.83999999999999997,0.84999999999999998,752021
temperature,2022,0.84999999999999998,0.85999999999999999,768613
temperature,2022,0.85999999999999999,0.87,776261
temperature,2022,0.87,0.88,789482
temperature,2022,0.88,0.89000000000000001,810455
temperature,2022,0.89000000000000001,0.90000000000000002,837122
temperature,2022,0.90000000000000002,0.91000000000000003,893974
temperature,2022,0.91000000000000003,0.92000000000000004,962838
temperature,2022,0.92000000000000004,0.93000000000000005,1054720
temperature,2022,0.93000000000000005,0.93999999999999995,1192678
temperature,2022,0.93999999999999995,0.94999999999999996,1402969
temperature,2022,0.94999999999999996,0.95999999999999996,1739185
temperature,2022,0.95999999999999996,0.96999999999999997,2391722
temperature,2022,0.96999999999999997,0.97999999999999998,2960701
temperature,2022,0.97999999999999998,0.98999999999999999,4249205
temperature,2022,0.98999999999999999,1,16409292
temperature,2023,0,0.01,0
temperature,2023,0.01,0.02,0
temperature,2023,0.02,0.029999999999999999,0
temperature,2023,0.029999999999999999,0.040000000000000001,0
temperature,2023,0.040000000000000001,0.050000000000000003,0
temperature,2023,0.050000000000000003,0.059999999999999998,0
temperature,2023,0.059999999999999998,0.070000000000000007,0
temperature,2023,0.070000000000000007,0.080000000000000002,0
temperature,2023,0.080000000000000002,0.089999999999999997,0
temperature,2023,0.089999999999999997,0.10000000000000001,0
temperature,2023,0.10000000000000001,0.11,0
temperature,2023,0.11,0.12,0
temperature,2023,0.12,0.13,0
temperature,2023,0.13,0.14000000000000001,312
temperature,2023,0.14000000000000001,0.14999999999999999,2477
temperature,2023,0.14999999999999999,0.16,4451
temperature,2023,0.16,0.17000000000000001,6784
temperature,2023,0.17000000000000001,0.17999999999999999,13348
temperature,2023,0.17999999999999999,0.19,19853
temperature,2023,0.19,0.20000000000000001,24207
temperature,2023,0.20000000000000001,0.20999999999999999,25583
temperature,2023,0.20999999999999999,0.22,51054
temperature,2023,0.22,0.23000000000000001,70263
temperature,2023,0.23000000000000001,0.23999999999999999,95415
temperature,2023,0.23999999999999999,0.25,122171
temperature,2023,0.25,0.26000000000000001,125332
temperature,2023,0.26000000000000001,0.27000000000000002,151378
temperature,2023,0.27000000000000002,0.28000000000000003,156123
temperature,2023,0.28000000000000003,0.28999999999999998,175889
temperature,2023,0.28999999999999998,0.29999999999999999,228368
temperature,2023,0.29999999999999999,0.31,270308
temperature,2023,0.31,0.32000000000000001,330393
temperature,2023,0.32000000000000001,0.33000000000000002,358849
temperature,2023,0.33000000000000002,0.34000000000000002,407736
temperature,2023,0.34000000000000002,0.34999999999999998,540222
temperature,2023,0.34999999999999998,0.35999999999999999,664518
temperature,2023,0.35999999999999999,0.37,750003
temperature,2023,0.37,0.38,790624
temperature,2023,0.38,0.39000000000000001,900410
temperature,2023,0.39000000000000001,0.40000000000000002,1008303
temperature,2023,0.40000000000000002,0.40999999999999998,1095792
temperature,2023,0.40999999999999998,0.41999999999999998,1215929
temperature,2023,0.41999999999999998,0.42999999999999999,1427712
temperature,2023,0.42999999999999999,0.44,1560403
temperature,2023,0.44,0.45000000000000001,1648013
temperature,2023,0.45000000000000001,0.46000000000000002,1808993
temperature,2023,0.46000000000000002,0.46999999999999997,1954693
temperature,2023,0.46999999999999997,0.47999999999999998,2044937
temperature,2023,0.47999999999999998,0.48999999999999999,2178264
temperature,2023,0.48999999999999999,0.5,2382451
temperature,2023,0.5,0.51000000000000001,2529632
temperature,2023,0.51000000000000001,0.52000000000000002,2575702
temperature,2023,0.52000000000000002,0.53000000000000003,2679500
temperature,2023,0.53000000000000003,0.54000000000000004,2921624
temperature,2023,0.54000000000000004,0.55000000000000004,2983774
temperature,2023,0.55000000000000004,0.56000000000000005,3084927
temperature,2023,0.56000000000000005,0.57000000000000006,3247302
temperature,2023,0.57000000000000006,0.57999999999999996,3354340
temperature,2023,0.57999999999999996,0.58999999999999997,3362801
temperature,2023,0.58999999999999997,0.59999999999999998,3355110
temperature,2023,0.59999999999999998,0.60999999999999999,3417821
temperature,2023,0.60999999999999999,0.62,3530286
temperature,2023,0.62,0.63,3544485
temperature,2023,0.63,0.64000000000000001,3548334
temperature,2023,0.64000000000000001,0.65000000000000002,3592161
temperature,2023,0.65000000000000002,0.66000000000000003,3427309
temperature,2023,0.66000000000000003,0.67000000000000004,3380284
temperature,2023,0.67000000000000004,0.68000000000000005,3328598
temperature,2023,0.68000000000000005,0.69000000000000006,3306466
temperature,2023,0.69000000000000006,0.70000000000000007,3261397
temperature,2023,0.70000000000000007,0.70999999999999996,3032778
temperature,2023,0.70999999999999996,0.71999999999999997,3006767
temperature,2023,0.71999999999999997,0.72999999999999998,2917581
temperature,2023,0.72999999999999998,0.73999999999999999,2824670
temperature,2023,0.73999999999999999,0.75,2618638
temperature,2023,0.75,0.76000000000000001,2445779
temperature,2023,0.76000000000000001,0.77000000000000002,2351390
temperature,2023,0.77000000000000002,0.78000000000000003,2241424
temperature,2023,0.78000000000000003,0.79000000000000004,2058964
temperature,2023,0.79000000000000004,0.80000000000000004,1983131
temperature,2023,0.80000000000000004,0.81000000000000005,1865452
temperature,2023,0.81000000000000005,0.82000000000000006,1789568
temperature,2023,0.82000000000000006,0.83000000000000007,1581589
temperature,2023,0.83000000000000007,0.83999999999999997,1404592
temperature,2023,0.83999999999999997,0.84999999999999998,1282075
temperature,2023,0.84999999999999998,0.85999999999999999,1177406
temperature,2023,0.85999999999999999,0.87,1043991
temperature,2023,0.87,0.88,898055
temperature,2023,0.88,0.89000000000000001,755952
temperature,2023,0.89000000000000001,0.90000000000000002,657777
temperature,2023,0.90000000000000002,0.91000000000000003,543143
temperature,2023,0.91000000000000003,0.92000000000000004,439795
temperature,2023,0.92000000000000004,0.93000000000000005,372459
temperature,2023,0.93000000000000005,0.93999999999999995,332984
temperature,2023,0.93999999999999995,0.94999999999999996,257697
temperature,2023,0.94999999999999996,0.95999999999999996,156356
temperature,2023,0.95999999999999996,0.96999999999999997,77014
temperature,2023,0.96999999999999997,0.97999999999999998,10852
temperature,2023,0.97999999999999998,0.98999999999999999,163
temperature,2023,0.98999999999999999,1,0
temperature,2024,0,0.01,0
temperature,2024,0.01,0.02,0
temperature,2024,0.02,0.029999999999999999,0
temperature,2024,0.029999999999999999,0.040000000000000001,0
temperature,2024,0.040000000000000001,0.050000000000000003,849
temperature,2024,0.050000000000000003,0.059999999999999998,4428
temperature,2024,0.059999999999999998,0.070000000000000007,5145
temperature,2024,0.070000000000000007,0.080000000000000002,7387
temperature,2024,0.080000000000000002,0.089999999999999997,15579
temperature,2024,0.089999999999999997,0.10000000000000001,26824
temperature,2024,0.10000000000000001,0.11,16351
temperature,2024,0.11,0.12,17763
temperature,2024,0.12,0.13,25836
temperature,2024,0.13,0.14000000000000001,52098
temperature,2024,0.14000000000000001,0.14999999999999999,67507
temperature,2024,0.14999999999999999,0.16,54464
temperature,2024,0.16,0.17000000000000001,86044
temperature,2024,0.17000000000000001,0.17999999999999999,116043
temperature,2024,0.17999999999999999,0.19,175933
temperature,2024,0.19,0.20000000000000001,201016
temperature,2024,0.20000000000000001,0.20999999999999999,189449
temperature,2024,0.20999999999999999,0.22,262701
temperature,2024,0.22,0.23000000000000001,329125
temperature,2024,0.23000000000000001,0.23999999999999999,369390
temperature,2024,0.23999999999999999,0.25,406095
temperature,2024,0.25,0.26000000000000001,394325
temperature,2024,0.26000000000000001,0.27000000000000002,406264
temperature,2024,0.27000000000000002,0.28000000000000003,498394
temperature,2024,0.28000000000000003,0.28999999999999998,596317
temperature,2024,0.28999999999999998,0.29999999999999999,671048
temperature,2024,0.29999999999999999,0.31,725880
temperature,2024,0.31,0.32000000000000001,797922
temperature,2024,0.32000000000000001,0.33000000000000002,861198
temperature,2024,0.33000000000000002,0.34000000000000002,945691
temperature,2024,0.34000000000000002,0.34999999999999998,986807
temperature,2024,0.34999999999999998,0.35999999999999999,1101423
temperature,2024,0.35999999999999999,0.37,1176366
temperature,2024,0.37,0.38,1366626
temperature,2024,0.38,0.39000000000000001,1400567
temperature,2024,0.39000000000000001,0.40000000000000002,1547674
temperature,2024,0.40000000000000002,0.40999999999999998,1808047
temperature,2024,0.40999999999999998,0.41999999999999998,1953757
temperature,2024,0.41999999999999998,0.42999999999999999,2026313
temperature,2024,0.42999999999999999,0.44,2062924
temperature,2024,0.44,0.45000000000000001,2074074
temperature,2024,0.45000000000000001,0.46000000000000002,2339585
temperature,2024,0.46000000000000002,0.46999999999999997,2491594
temperature,2024,0.46999999999999997,0.47999999999999998,2702992
temperature,2024,0.47999999999999998,0.48999999999999999,2766944
temperature,2024,0.48999999999999999,0.5,2985295
temperature,2024,0.5,0.51000000000000001,3048779
temperature,2024,0.51000000000000001,0.52000000000000002,3122825
temperature,2024,0.52000000000000002,0.53000000000000003,3151594
temperature,2024,0.53000000000000003,0.54000000000000004,3161625
temperature,2024,0.54000000000000004,0.55000000000000004,3203676
temperature,2024,0.55000000000000004,0.56000000000000005,3342265
temperature,2024,0.56000000000000005,0.57000000000000006,3290860
temperature,2024,0.57000000000000006,0.57999999999999996,3249425
temperature,2024,0.57999999999999996,0.58999999999999997,3091606
temperature,2024,0.58999999999999997,0.59999999999999998,3088076
temperature,2024,0.59999999999999998,0.60999999999999999,3004616
temperature,2024,0.60999999999999999,0.62,2900753
temperature,2024,0.62,0.63,2792108
temperature,2024,0.63,0.64000000000000001,2916652
temperature,2024,0.64000000000000001,0.65000000000000002,2720654
temperature,2024,0.65000000000000002,0.66000000000000003,2726516
temperature,2024,0.66000000000000003,0.67000000000000004,2745483
temperature,2024,0.67000000000000004,0.68000000000000005,2610663
temperature,2024,0.68000000000000005,0.69000000000000006,2609017
temperature,2024,0.69000000000000006,0.70000000000000007,2557222
temperature,2024,0.70000000000000007,0.70999999999999996,2632272
temperature,2024,0.70999999999999996,0.71999999999999997,2494336
temperature,2024,0.71999999999999997,0.72999999999999998,2424583
temperature,2024,0.72999999999999998,0.73999999999999999,2446556
temperature,2024,0.73999999999999999,0.75,2296408
temperature,2024,0.75,0.76000000000000001,2087389
temperature,2024,0.76000000000000001,0.77000000000000002,2034171
temperature,2024,0.77000000000000002,0.78000000000000003,1951396
temperature,2024,0.78000000000000003,0.79000000000000004,1825278
temperature,2024,0.79000000000000004,0.80000000000000004,1692590
temperature,2024,0.80000000000000004,0.81000000000000005,1518943
temperature,2024,0.81000000000000005,0.82000000000000006,1338758
temperature,2024,0.82000000000000006,0.83000000000000007,1254701
temperature,2024,0.83000000000000007,0.83999999999999997,1072867
temperature,2024,0.83999999999999997,0.84999999999999998,809533
temperature,2024,0.84999999999999998,0.85999999999999999,694655
temperature,2024,0.85999999999999999,0.87,562822
temperature,2024,0.87,0.88,369908
temperature,2024,0.88,0.89000000000000001,308152
temperature,2024,0.89000000000000001,0.90000000000000002,320647
temperature,2024,0.90000000000000002,0.91000000000000003,226465
temperature,2024,0.91000000000000003,0.92000000000000004,117033
temperature,2024,0.92000000000000004,0.93000000000000005,89505
temperature,2024,0.93000000000000005,0.93999999999999995,87129
temperature,2024,0.93999999999999995,0.94999999999999996,31448
temperature,2024,0.94999999999999996,0.95999999999999996,21426
temperature,2024,0.95999999999999996,0.96999999999999997,6196
temperature,2024,0.96999999999999997,0.97999999999999998,3820
temperature,2024,0.97999999999999998,0.98999999999999999,0
temperature,2024,0.98999999999999999,1,0
temperature,2025,0,0.01,0
temperature,2025,0.01,0.02,0
temperature,2025,0.02,0.029999999999999999,0
temperature,2025,0.029999999999999999,0.040000000000000001,0
temperature,2025,0.040000000000000001,0.050000000000000003,0
temperature,2025,0.050000000000000003,0.059999999999999998,0
temperature,2025,0.059999999999999998,0.070000000000000007,115
temperature,2025,0.070000000000000007,0.080000000000000002,2705
temperature,2025,0.080000000000000002,0.089999999999999997,5117
temperature,2025,0.089999999999999997,0.10000000000000001,3194
temperature,2025,0.10000000000000001,0.11,4149
temperature,2025,0.11,0.12,10258
temperature,2025,0.12,0.13,16838
temperature,2025,0.13,0.14000000000000001,26714
temperature,2025,0.14000000000000001,0.14999999999999999,48072
temperature,2025,0.14999999999999999,0.16,50398
temperature,2025,0.16,0.17000000000000001,67883
temperature,2025,0.17000000000000001,0.17999999999999999,71530
temperature,2025,0.17999999999999999,0.19,94928
temperature,2025,0.19,0.20000000000000001,130353
temperature,2025,0.20000000000000001,0.20999999999999999,171980
temperature,2025,0.20999999999999999,0.22,209747
temperature,2025,0.22,0.23000000000000001,240172
temperature,2025,0.23000000000000001,0.23999999999999999,271179
temperature,2025,0.23999999999999999,0.25,324994
temperature,2025,0.25,0.26000000000000001,375350
temperature,2025,0.26000000000000001,0.27000000000000002,499471
temperature,2025,0.27000000000000002,0.28000000000000003,591862
temperature,2025,0.28000000000000003,0.28999999999999998,631101
temperature,2025,0.28999999999999998,0.29999999999999999,736175
temperature,2025,0.29999999999999999,0.31,820261
temperature,2025,0.31,0.32000000000000001,892106
temperature,2025,0.32000000000000001,0.33000000000000002,947642
temperature,2025,0.33000000000000002,0.34000000000000002,993354
temperature,2025,0.34000000000000002,0.34999999999999998,1110064
temperature,2025,0.34999999999999998,0.35999999999999999,1198281
temperature,2025,0.35999999999999999,0.37,1384403
temperature,2025,0.37,0.38,1508674
temperature,2025,0.38,0.39000000000000001,1678045
temperature,2025,0.39000000000000001,0.40000000000000002,1806775
temperature,2025,0.40000000000000002,0.40999999999999998,1940859
temperature,2025,0.40999999999999998,0.41999999999999998,2028416
temperature,2025,0.41999999999999998,0.42999999999999999,2243570
temperature,2025,0.42999999999999999,0.44,2410280
temperature,2025,0.44,0.45000000000000001,2607175
temperature,2025,0.45000000000000001,0.46000000000000002,2767796
temperature,2025,0.46000000000000002,0.46999999999999997,3036773
temperature,2025,0.46999999999999997,0.47999999999999998,3200587
temperature,2025,0.47999999999999998,0.48999999999999999,3313733
temperature,2025,0.48999999999999999,0.5,3392051
temperature,2025,0.5,0.51000000000000001,3405284
temperature,2025,0.51000000000000001,0.52000000000000002,3376136
temperature,2025,0.52000000000000002,0.53000000000000003,3481270
temperature,2025,0.53000000000000003,0.54000000000000004,3537279
temperature,2025,0.54000000000000004,0.55000000000000004,3626594
temperature,2025,0.55000000000000004,0.56000000000000005,3719264
temperature,2025,0.56000000000000005,0.57000000000000006,3737038
temperature,2025,0.57000000000000006,0.57999999999999996,3638494
temperature,2025,0.57999999999999996,0.58999999999999997,3675777
temperature,2025,0.58999999999999997,0.59999999999999998,3723819
temperature,2025,0.59999999999999998,0.60999999999999999,3505326
temperature,2025,0.60999999999999999,0.62,3354497
temperature,2025,0.62,0.63,3174587
temperature,2025,0.63,0.64000000000000001,3102709
temperature,2025,0.64000000000000001,0.65000000000000002,2975437
temperature,2025,0.65000000000000002,0.66000000000000003,2778784
temperature,2025,0.66000000000000003,0.67000000000000004,2687561
temperature,2025,0.67000000000000004,0.68000000000000005,2532264
temperature,2025,0.68000000000000005,0.69000000000000006,2449607
temperature,2025,0.69000000000000006,0.70000000000000007,2462046
temperature,2025,0.70000000000000007,0.70999999999999996,2195925
temperature,2025,0.70999999999999996,0.71999999999999997,2064441
temperature,2025,0.71999999999999997,0.72999999999999998,1865966
temperature,2025,0.72999999999999998,0.73999999999999999,1645018
temperature,2025,0.73999999999999999,0.75,1454335
temperature,2025,0.75,0.76000000000000001,1451088
temperature,2025,0.76000000000000001,0.77000000000000002,1460626
temperature,2025,0.77000000000000002,0.78000000000000003,1242068
temperature,2025,0.78000000000000003,0.79000000000000004,1175132
temperature,2025,0.79000000000000004,0.80000000000000004,943243
temperature,2025,0.80000000000000004,0.81000000000000005,886291
temperature,2025,0.81000000000000005,0.82000000000000006,782145
temperature,2025,0.82000000000000006,0.83000000000000007,706212
temperature,2025,0.83000000000000007,0.83999999999999997,595664
temperature,2025,0.83999999999999997,0.84999999999999998,413885
temperature,2025,0.84999999999999998,0.85999999999999999,334582
temperature,2025,0.85999999999999999,0.87,257454
temperature,2025,0.87,0.88,264237
temperature,2025,0.88,0.89000000000000001,193280
temperature,2025,0.89000000000000001,0.90000000000000002,159455
temperature,2025,0.90000000000000002,0.91000000000000003,99921
temperature,2025,0.91000000000000003,0.92000000000000004,52182
temperature,2025,0.92000000000000004,0.93000000000000005,30304
temperature,2025,0.93000000000000005,0.93999999999999995,26077
temperature,2025,0.93999999999999995,0.94999999999999996,38455
temperature,2025,0.94999999999999996,0.95999999999999996,24057
temperature,2025,0.95999999999999996,0.96999999999999997,510
temperature,2025,0.96999999999999997,0.97999999999999998,0
temperature,2025,0.97999999999999998,0.98999999999999999,0
temperature,2025,0.98999999999999999,1,0
humidity,2021,0,0.01,340051
humidity,2021,0.01,0.02,644895
humidity,2021,0.02,0.029999999999999999,579186
humidity,2021,0.029999999999999999,0.040000000000000001,628738
humidity,2021,0.040000000000000001,0.050000000000000003,595229
humidity,2021,0.050000000000000003,0.059999999999999998,584547
humidity,2021,0.059999999999999998,0.070000000000000007,579722
humidity,2021,0.070000000000000007,0.080000000000000002,617638
humidity,2021,0.080000000000000002,0.089999999999999997,630520
humidity,2021,0.089999999999999997,0.10000000000000001,628901
humidity,2021,0.10000000000000001,0.11,605448
humidity,2021,0.11,0.12,623478
humidity,2021,0.12,0.13,599889
humidity,2021,0.13,0.14000000000000001,629942
humidity,2021,0.14000000000000001,0.14999999999999999,660040
humidity,2021,0.14999999999999999,0.16,639141
humidity,2021,0.16,0.17000000000000001,634839
humidity,2021,0.17000000000000001,0.17999999999999999,658108
humidity,2021,0.17999999999999999,0.19,630461
humidity,2021,0.19,0.20000000000000001,603309
humidity,2021,0.20000000000000001,0.20999999999999999,572609
humidity,2021,0.20999999999999999,0.22,611050
humidity,2021,0.22,0.23000000000000001,668866
humidity,2021,0.23000000000000001,0.23999999999999999,703505
humidity,2021,0.23999999999999999,0.25,750982
humidity,2021,0.25,0.26000000000000001,727820
humidity,2021,0.26000000000000001,0.27000000000000002,735465
humidity,2021,0.27000000000000002,0.28000000000000003,735199
humidity,2021,0.28000000000000003,0.28999999999999998,736568
humidity,2021,0.28999999999999998,0.29999999999999999,753653
humidity,2021,0.29999999999999999,0.31,770690
humidity,2021,0.31,0.32000000000000001,933834
humidity,2021,0.32000000000000001,0.33000000000000002,952921
humidity,2021,0.33000000000000002,0.34000000000000002,1000722
humidity,2021,0.34000000000000002,0.34999999999999998,1032967
humidity,2021,0.34999999999999998,0.35999999999999999,1043408
humidity,2021,0.35999999999999999,0.37,1049316
humidity,2021,0.37,0.38,1035226
humidity,2021,0.38,0.39000000000000001,1121872
humidity,2021,0.39000000000000001,0.40000000000000002,1168698
humidity,2021,0.40000000000000002,0.40999999999999998,1198038
humidity,2021,0.40999999999999998,0.41999999999999998,1227634
humidity,2021,0.41999999999999998,0.42999999999999999,1259106
humidity,2021,0.42999999999999999,0.44,1240319
humidity,2021,0.44,0.45000000000000001,1301689
humidity,2021,0.45000000000000001,0.46000000000000002,1365230
humidity,2021,0.46000000000000002,0.46999999999999997,1411167
humidity,2021,0.46999999999999997,0.47999999999999998,1397018
humidity,2021,0.47999999999999998,0.48999999999999999,1381083
humidity,2021,0.48999999999999999,0.5,1485876
humidity,2021,0.5,0.51000000000000001,1484531
humidity,2021,0.51000000000000001,0.52000000000000002,1470765
humidity,2021,0.52000000000000002,0.53000000000000003,1556313
humidity,2021,0.53000000000000003,0.54000000000000004,1576868
humidity,2021,0.54000000000000004,0.55000000000000004,1630804
humidity,2021,0.55000000000000004,0.56000000000000005,1667994
humidity,2021,0.56000000000000005,0.57000000000000006,1716403
humidity,2021,0.57000000000000006,0.57999999999999996,1779036
humidity,2021,0.57999999999999996,0.58999999999999997,1757309
humidity,2021,0.58999999999999997,0.59999999999999998,1880437
humidity,2021,0.59999999999999998,0.60999999999999999,1933072
humidity,2021,0.60999999999999999,0.62,1897993
humidity,2021,0.62,0.63,2068723
humidity,2021,0.63,0.64000000000000001,2083037
humidity,2021,0.64000000000000001,0.65000000000000002,1984067
humidity,2021,0.65000000000000002,0.66000000000000003,2008141
humidity,2021,0.66000000000000003,0.67000000000000004,2175266
humidity,2021,0.67000000000000004,0.68000000000000005,2083347
humidity,2021,0.68000000000000005,0.69000000000000006,2193059
humidity,2021,0.69000000000000006,0.70000000000000007,2182946
humidity,2021,0.70000000000000007,0.70999999999999996,2120649
humidity,2021,0.70999999999999996,0.71999999999999997,2109882
humidity,2021,0.71999999999999997,0.72999999999999998,2351901
humidity,2021,0.72999999999999998,0.73999999999999999,2397229
humidity,2021,0.73999999999999999,0.75,2397688
humidity,2021,0.75,0.76000000000000001,2363629
humidity,2021,0.76000000000000001,0.77000000000000002,2417880
humidity,2021,0.77000000000000002,0.78000000000000003,2290691
humidity,2021,0.78000000000000003,0.79000000000000004,2224914
humidity,2021,0.79000000000000004,0.80000000000000004,2248388
humidity,2021,0.80000000000000004,0.81000000000000005,2206326
humidity,2021,0.81000000000000005,0.82000000000000006,2191282
humidity,2021,0.82000000000000006,0.83000000000000007,1994851
humidity,2021,0.83000000000000007,0.83999999999999997,2033171
humidity,2021,0.83999999999999997,0.84999999999999998,1913078
humidity,2021,0.84999999999999998,0.85999999999999999,1846617
humidity,2021,0.85999999999999999,0.87,1708380
humidity,2021,0.87,0.88,1775126
humidity,2021,0.88,0.89000000000000001,1620518
humidity,2021,0.89000000000000001,0.90000000000000002,1417671
humidity,2021,0.90000000000000002,0.91000000000000003,1342647
humidity,2021,0.91000000000000003,0.92000000000000004,1112241
humidity,2021,0.92000000000000004,0.93000000000000005,929068
humidity,2021,0.93000000000000005,0.93999999999999995,823602
humidity,2021,0.93999999999999995,0.94999999999999996,849456
humidity,2021,0.94999999999999996,0.95999999999999996,786352
humidity,2021,0.95999999999999996,0.96999999999999997,677165
humidity,2021,0.96999999999999997,0.97999999999999998,589823
humidity,2021,0.97999999999999998,0.98999999999999999,552902
humidity,2021,0.98999999999999999,1,261605
humidity,2022,0,0.01,92
humidity,2022,0.01,0.02,41943
humidity,2022,0.02,0.029999999999999999,57267
humidity,2022,0.029999999999999999,0.040000000000000001,91302
humidity,2022,0.040000000000000001,0.050000000000000003,234323
humidity,2022,0.050000000000000003,0.059999999999999998,275117
humidity,2022,0.059999999999999998,0.070000000000000007,206364
humidity,2022,0.070000000000000007,0.080000000000000002,306385
humidity,2022,0.080000000000000002,0.089999999999999997,275278
humidity,2022,0.089999999999999997,0.10000000000000001,369668
humidity,2022,0.10000000000000001,0.11,381826
humidity,2022,0.11,0.12,418679
humidity,2022,0.12,0.13,455283
humidity,2022,0.13,0.14000000000000001,433480
humidity,2022,0.14000000000000001,0.14999999999999999,502051
humidity,2022,0.14999999999999999,0.16,557972
humidity,2022,0.16,0.17000000000000001,545180
humidity,2022,0.17000000000000001,0.17999999999999999,590976
humidity,2022,0.17999999999999999,0.19,647409
humidity,2022,0.19,0.20000000000000001,658952
humidity,2022,0.20000000000000001,0.20999999999999999,637644
humidity,2022,0.20999999999999999,0.22,781540
humidity,2022,0.22,0.23000000000000001,769322
humidity,2022,0.23000000000000001,0.23999999999999999,801474
humidity,2022,0.23999999999999999,0.25,835198
humidity,2022,0.25,0.26000000000000001,910452
humidity,2022,0.26000000000000001,0.27000000000000002,956483
humidity,2022,0.27000000000000002,0.28000000000000003,982636
humidity,2022,0.28000000000000003,0.28999999999999998,1092462
humidity,2022,0.28999999999999998,0.29999999999999999,1130195
humidity,2022,0.29999999999999999,0.31,1147243
humidity,2022,0.31,0.32000000000000001,1142185
humidity,2022,0.32000000000000001,0.33000000000000002,1189170
humidity,2022,0.33000000000000002,0.34000000000000002,1218760
humidity,2022,0.34000000000000002,0.34999999999999998,1268666
humidity,2022,0.34999999999999998,0.35999999999999999,1303698
humidity,2022,0.35999999999999999,0.37,1426451
humidity,2022,0.37,0.38,1448646
humidity,2022,0.38,0.39000000000000001,1517532
humidity,2022,0.39000000000000001,0.40000000000000002,1497486
humidity,2022,0.40000000000000002,0.40999999999999998,1671603
humidity,2022,0.40999999999999998,0.41999999999999998,1717662
humidity,2022,0.41999999999999998,0.42999999999999999,1777889
humidity,2022,0.42999999999999999,0.44,1712192
humidity,2022,0.44,0.45000000000000001,1802247
humidity,2022,0.45000000000000001,0.46000000000000002,1877526
humidity,2022,0.46000000000000002,0.46999999999999997,1845332
humidity,2022,0.46999999999999997,0.47999999999999998,1911291
humidity,2022,0.47999999999999998,0.48999999999999999,2026989
humidity,2022,0.48999999999999999,0.5,2032848
humidity,2022,0.5,0.51000000000000001,2026954
humidity,2022,0.51000000000000001,0.52000000000000002,2048481
humidity,2022,0.52000000000000002,0.53000000000000003,2092714
humidity,2022,0.53000000000000003,0.54000000000000004,2181982
humidity,2022,0.54000000000000004,0.55000000000000004,2103513
humidity,2022,0.55000000000000004,0.56000000000000005,2057494
humidity,2022,0.56000000000000005,0.57000000000000006,2124561
humidity,2022,0.57000000000000006,0.57999999999999996,2205098
humidity,2022,0.57999999999999996,0.58999999999999997,2198334
humidity,2022,0.58999999999999997,0.59999999999999998,2151170
humidity,2022,0.59999999999999998,0.60999999999999999,2236513
humidity,2022,0.60999999999999999,0.62,2151781
humidity,2022,0.62,0.63,2249828
humidity,2022,0.63,0.64000000000000001,2188318
humidity,2022,0.64000000000000001,0.65000000000000002,2118008
humidity,2022,0.65000000000000002,0.66000000000000003,2183790
humidity,2022,0.66000000000000003,0.67000000000000004,2240520
humidity,2022,0.67000000000000004,0.68000000000000005,2164764
humidity,2022,0.68000000000000005,0.69000000000000006,2225489
humidity,2022,0.69000000000000006,0.70000000000000007,2181306
humidity,2022,0.70000000000000007,0.70999999999999996,2011152
humidity,2022,0.70999999999999996,0.71999999999999997,1998292
humidity,2022,0.71999999999999997,0.72999999999999998,2112678
humidity,2022,0.72999999999999998,0.73999999999999999,2160619
humidity,2022,0.73999999999999999,0.75,1941801
humidity,2022,0.75,0.76000000000000001,1948977
humidity,2022,0.76000000000000001,0.77000000000000002,1905680
humidity,2022,0.77000000000000002,0.78000000000000003,1754849
humidity,2022,0.78000000000000003,0.79000000000000004,1704372
humidity,2022,0.79000000000000004,0.80000000000000004,1702264
humidity,2022,0.80000000000000004,0.81000000000000005,1605209
humidity,2022,0.81000000000000005,0.82000000000000006,1565039
humidity,2022,0.82000000000000006,0.83000000000000007,1358805
humidity,2022,0.83000000000000007,0.83999999999999997,1396664
humidity,2022,0.83999999999999997,0.84999999999999998,1299061
humidity,2022,0.84999999999999998,0.85999999999999999,1253497
humidity,2022,0.85999999999999999,0.87,1144690
humidity,2022,0.87,0.88,1176000
humidity,2022,0.88,0.89000000000000001,1030909
humidity,2022,0.89000000000000001,0.90000000000000002,1034088
humidity,2022,0.90000000000000002,0.91000000000000003,863649
humidity,2022,0.91000000000000003,0.92000000000000004,918589
humidity,2022,0.92000000000000004,0.93000000000000005,721415
humidity,2022,0.93000000000000005,0.93999999999999995,655459
humidity,2022,0.93999999999999995,0.94999999999999996,738195
humidity,2022,0.94999999999999996,0.95999999999999996,623365
humidity,2022,0.95999999999999996,0.96999999999999997,646891
humidity,2022,0.96999999999999997,0.97999999999999998,538489
humidity,2022,0.97999999999999998,0.98999999999999999,484316
humidity,2022,0.98999999999999999,1,263455
humidity,2023,0,0.01,0
humidity,2023,0.01,0.02,15681
humidity,2023,0.02,0.029999999999999999,36077
humidity,2023,0.029999999999999999,0.040000000000000001,73589
humidity,2023,0.040000000000000001,0.050000000000000003,128127
humidity,2023,0.050000000000000003,0.059999999999999998,128316
humidity,2023,0.059999999999999998,0.070000000000000007,185522
humidity,2023,0.070000000000000007,0.080000000000000002,313026
humidity,2023,0.080000000000000002,0.089999999999999997,215438
humidity,2023,0.089999999999999997,0.10000000000000001,327497
humidity,2023,0.10000000000000001,0.11,346957
humidity,2023,0.11,0.12,332844
humidity,2023,0.12,0.13,345776
humidity,2023,0.13,0.14000000000000001,411785
humidity,2023,0.14000000000000001,0.14999999999999999,505160
humidity,2023,0.14999999999999999,0.16,439105
humidity,2023,0.16,0.17000000000000001,392017
humidity,2023,0.17000000000000001,0.17999999999999999,462744
humidity,2023,0.17999999999999999,0.19,530181
humidity,2023,0.19,0.20000000000000001,519112
humidity,2023,0.20000000000000001,0.20999999999999999,515959
humidity,2023,0.20999999999999999,0.22,561321
humidity,2023,0.22,0.23000000000000001,650957
humidity,2023,0.23000000000000001,0.23999999999999999,638873
humidity,2023,0.23999999999999999,0.25,657207
humidity,2023,0.25,0.26000000000000001,584795
humidity,2023,0.26000000000000001,0.27000000000000002,585128
humidity,2023,0.27000000000000002,0.28000000000000003,694113
humidity,2023,0.28000000000000003,0.28999999999999998,717059
humidity,2023,0.28999999999999998,0.29999999999999999,768491
humidity,2023,0.29999999999999999,0.31,779543
humidity,2023,0.31,0.32000000000000001,800563
humidity,2023,0.32000000000000001,0.33000000000000002,874268
humidity,2023,0.33000000000000002,0.34000000000000002,897828
humidity,2023,0.34000000000000002,0.34999999999999998,831550
humidity,2023,0.34999999999999998,0.35999999999999999,890446
humidity,2023,0.35999999999999999,0.37,931049
humidity,2023,0.37,0.38,1001905
humidity,2023,0.38,0.39000000000000001,979735
humidity,2023,0.39000000000000001,0.40000000000000002,1013285
humidity,2023,0.40000000000000002,0.40999999999999998,1062665
humidity,2023,0.40999999999999998,0.41999999999999998,1137557
humidity,2023,0.41999999999999998,0.42999999999999999,1137969
humidity,2023,0.42999999999999999,0.44,1122514
humidity,2023,0.44,0.45000000000000001,1110015
humidity,2023,0.45000000000000001,0.46000000000000002,1171920
humidity,2023,0.46000000000000002,0.46999999999999997,1234773
humidity,2023,0.46999999999999997,0.47999999999999998,1144682
humidity,2023,0.47999999999999998,0.48999999999999999,1158105
humidity,2023,0.48999999999999999,0.5,1242758
humidity,2023,0.5,0.51000000000000001,1277299
humidity,2023,0.51000000000000001,0.52000000000000002,1256746
humidity,2023,0.52000000000000002,0.53000000000000003,1280609
humidity,2023,0.53000000000000003,0.54000000000000004,1342913
humidity,2023,0.54000000000000004,0.55000000000000004,1381146
humidity,2023,0.55000000000000004,0.56000000000000005,1430007
humidity,2023,0.56000000000000005,0.57000000000000006,1372863
humidity,2023,0.57000000000000006,0.57999999999999996,1428223
humidity,2023,0.57999999999999996,0.58999999999999997,1501406
humidity,2023,0.58999999999999997,0.59999999999999998,1600646
humidity,2023,0.59999999999999998,0.60999999999999999,1618961
humidity,2023,0.60999999999999999,0.62,1666417
humidity,2023,0.62,0.63,1597376
humidity,2023,0.63,0.64000000000000001,1639376
humidity,2023,0.64000000000000001,0.65000000000000002,1555819
humidity,2023,0.65000000000000002,0.66000000000000003,1680053
humidity,2023,0.66000000000000003,0.67000000000000004,1727307
humidity,2023,0.67000000000000004,0.68000000000000005,1753386
humidity,2023,0.68000000000000005,0.69000000000000006,1771325
humidity,2023,0.69000000000000006,0.70000000000000007,1853281
humidity,2023,0.70000000000000007,0.70999999999999996,1821273
humidity,2023,0.70999999999999996,0.71999999999999997,1874785
humidity,2023,0.71999999999999997,0.72999999999999998,1888409
humidity,2023,0.72999999999999998,0.73999999999999999,1891778
humidity,2023,0.73999999999999999,0.75,1935236
humidity,2023,0.75,0.76000000000000001,1917907
humidity,2023,0.76000000000000001,0.77000000000000002,1998594
humidity,2023,0.77000000000000002,0.78000000000000003,2009144
humidity,2023,0.78000000000000003,0.79000000000000004,2006384
humidity,2023,0.79000000000000004,0.80000000000000004,1974518
humidity,2023,0.80000000000000004,0.81000000000000005,1998921
humidity,2023,0.81000000000000005,0.82000000000000006,1988316
humidity,2023,0.82000000000000006,0.83000000000000007,2034475
humidity,2023,0.83000000000000007,0.83999999999999997,2266485
humidity,2023,0.83999999999999997,0.84999999999999998,2224936
humidity,2023,0.84999999999999998,0.85999999999999999,2224424
humidity,2023,0.85999999999999999,0.87,2292125
humidity,2023,0.87,0.88,2385324
humidity,2023,0.88,0.89000000000000001,2406446
humidity,2023,0.89000000000000001,0.90000000000000002,2510465
humidity,2023,0.90000000000000002,0.91000000000000003,2527749
humidity,2023,0.91000000000000003,0.92000000000000004,2488725
humidity,2023,0.92000000000000004,0.93000000000000005,2544159
humidity,2023,0.93000000000000005,0.93999999999999995,2664863
humidity,2023,0.93999999999999995,0.94999999999999996,2691422
humidity,2023,0.94999999999999996,0.95999999999999996,2613035
humidity,2023,0.95999999999999996,0.96999999999999997,2631059
humidity,2023,0.96999999999999997,0.97999999999999998,2423469
humidity,2023,0.97999999999999998,0.98999999999999999,2213508
humidity,2023,0.98999999999999999,1,1382376
humidity,2024,0,0.01,175280
humidity,2024,0.01,0.02,308651
humidity,2024,0.02,0.029999999999999999,371638
humidity,2024,0.029999999999999999,0.040000000000000001,474364
humidity,2024,0.040000000000000001,0.050000000000000003,440641
humidity,2024,0.050000000000000003,0.059999999999999998,485209
humidity,2024,0.059999999999999998,0.070000000000000007,607582
humidity,2024,0.070000000000000007,0.080000000000000002,636730
humidity,2024,0.080000000000000002,0.089999999999999997,641517
humidity,2024,0.089999999999999997,0.10000000000000001,672283
humidity,2024,0.10000000000000001,0.11,768976
humidity,2024,0.11,0.12,747435
humidity,2024,0.12,0.13,832978
humidity,2024,0.13,0.14000000000000001,806691
humidity,2024,0.14000000000000001,0.14999999999999999,868391
humidity,2024,0.14999999999999999,0.16,818442
humidity,2024,0.16,0.17000000000000001,889973
humidity,2024,0.17000000000000001,0.17999999999999999,986877
humidity,2024,0.17999999999999999,0.19,1058994
humidity,2024,0.19,0.20000000000000001,1009919
humidity,2024,0.20000000000000001,0.20999999999999999,1093492
humidity,2024,0.20999999999999999,0.22,1117845
humidity,2024,0.22,0.23000000000000001,1182933
humidity,2024,0.23000000000000001,0.23999999999999999,1218617
humidity,2024,0.23999999999999999,0.25,1263832
humidity,2024,0.25,0.26000000000000001,1321147
humidity,2024,0.26000000000000001,0.27000000000000002,1337939
humidity,2024,0.27000000000000002,0.28000000000000003,1433310
humidity,2024,0.28000000000000003,0.28999999999999998,1350344
humidity,2024,0.28999999999999998,0.29999999999999999,1396251
humidity,2024,0.29999999999999999,0.31,1490100
humidity,2024,0.31,0.32000000000000001,1494420
humidity,2024,0.32000000000000001,0.33000000000000002,1509521
humidity,2024,0.33000000000000002,0.34000000000000002,1561953
humidity,2024,0.34000000000000002,0.34999999999999998,1551049
humidity,2024,0.34999999999999998,0.35999999999999999,1559478
humidity,2024,0.35999999999999999,0.37,1605500
humidity,2024,0.37,0.38,1749776
humidity,2024,0.38,0.39000000000000001,1716956
humidity,2024,0.39000000000000001,0.40000000000000002,1732171
humidity,2024,0.40000000000000002,0.40999999999999998,1809564
humidity,2024,0.40999999999999998,0.41999999999999998,1710384
humidity,2024,0.41999999999999998,0.42999999999999999,1698374
humidity,2024,0.42999999999999999,0.44,1825658
humidity,2024,0.44,0.45000000000000001,1803424
humidity,2024,0.45000000000000001,0.46000000000000002,1903002
humidity,2024,0.46000000000000002,0.46999999999999997,1953992
humidity,2024,0.46999999999999997,0.47999999999999998,1920606
humidity,2024,0.47999999999999998,0.48999999999999999,1888570
humidity,2024,0.48999999999999999,0.5,1832763
humidity,2024,0.5,0.51000000000000001,1848770
humidity,2024,0.51000000000000001,0.52000000000000002,1779872
humidity,2024,0.52000000000000002,0.53000000000000003,1762958
humidity,2024,0.53000000000000003,0.54000000000000004,1799808
humidity,2024,0.54000000000000004,0.55000000000000004,1725632
humidity,2024,0.55000000000000004,0.56000000000000005,1708230
humidity,2024,0.56000000000000005,0.57000000000000006,1798570
humidity,2024,0.57000000000000006,0.57999999999999996,1805508
humidity,2024,0.57999999999999996,0.58999999999999997,1748629
humidity,2024,0.58999999999999997,0.59999999999999998,1734554
humidity,2024,0.59999999999999998,0.60999999999999999,1766402
humidity,2024,0.60999999999999999,0.62,1654698
humidity,2024,0.62,0.63,1651753
humidity,2024,0.63,0.64000000000000001,1733953
humidity,2024,0.64000000000000001,0.65000000000000002,1748485
humidity,2024,0.65000000000000002,0.66000000000000003,1652223
humidity,2024,0.66000000000000003,0.67000000000000004,1620539
humidity,2024,0.67000000000000004,0.68000000000000005,1669826
humidity,2024,0.68000000000000005,0.69000000000000006,1663069
humidity,2024,0.69000000000000006,0.70000000000000007,1676323
humidity,2024,0.70000000000000007,0.70999999999999996,1534651
humidity,2024,0.70999999999999996,0.71999999999999997,1518534
humidity,2024,0.71999999999999997,0.72999999999999998,1599673
humidity,2024,0.72999999999999998,0.73999999999999999,1376674
humidity,2024,0.73999999999999999,0.75,1333611
humidity,2024,0.75,0.76000000000000001,1289193
humidity,2024,0.76000000000000001,0.77000000000000002,1296505
humidity,2024,0.77000000000000002,0.78000000000000003,1326088
humidity,2024,0.78000000000000003,0.79000000000000004,1394574
humidity,2024,0.79000000000000004,0.80000000000000004,1291820
humidity,2024,0.80000000000000004,0.81000000000000005,1312342
humidity,2024,0.81000000000000005,0.82000000000000006,1300482
humidity,2024,0.82000000000000006,0.83000000000000007,1210776
humidity,2024,0.83000000000000007,0.83999999999999997,1217755
humidity,2024,0.83999999999999997,0.84999999999999998,1087947
humidity,2024,0.84999999999999998,0.85999999999999999,1101846
humidity,2024,0.85999999999999999,0.87,1138805
humidity,2024,0.87,0.88,1137125
humidity,2024,0.88,0.89000000000000001,1039897
humidity,2024,0.89000000000000001,0.90000000000000002,1010774
humidity,2024,0.90000000000000002,0.91000000000000003,1133919
humidity,2024,0.91000000000000003,0.92000000000000004,986291
humidity,2024,0.92000000000000004,0.93000000000000005,923125
humidity,2024,0.93000000000000005,0.93999999999999995,1020749
humidity,2024,0.93999999999999995,0.94999999999999996,985432
humidity,2024,0.94999999999999996,0.95999999999999996,916145
humidity,2024,0.95999999999999996,0.96999999999999997,776004
humidity,2024,0.96999999999999997,0.97999999999999998,677634
humidity,2024,0.97999999999999998,0.98999999999999999,759415
humidity,2024,0.98999999999999999,1,288326
humidity,2025,0,0.01,151804
humidity,2025,0.01,0.02,439233
humidity,2025,0.02,0.029999999999999999,622484
humidity,2025,0.029999999999999999,0.040000000000000001,688635
humidity,2025,0.040000000000000001,0.050000000000000003,636259
humidity,2025,0.050000000000000003,0.059999999999999998,897169
humidity,2025,0.059999999999999998,0.070000000000000007,962341
humidity,2025,0.070000000000000007,0.080000000000000002,973903
humidity,2025,0.080000000000000002,0.089999999999999997,891632
humidity,2025,0.089999999999999997,0.10000000000000001,1019090
humidity,2025,0.10000000000000001,0.11,1057097
humidity,2025,0.11,0.12,1050782
humidity,2025,0.12,0.13,1115250
humidity,2025,0.13,0.14000000000000001,1091959
humidity,2025,0.14000000000000001,0.14999999999999999,1147002
humidity,2025,0.14999999999999999,0.16,1086269
humidity,2025,0.16,0.17000000000000001,1081624
humidity,2025,0.17000000000000001,0.17999999999999999,1083325
humidity,2025,0.17999999999999999,0.19,1191825
humidity,2025,0.19,0.20000000000000001,1327639
humidity,2025,0.20000000000000001,0.20999999999999999,1224543
humidity,2025,0.20999999999999999,0.22,1267749
humidity,2025,0.22,0.23000000000000001,1177123
humidity,2025,0.23000000000000001,0.23999999999999999,1287919
humidity,2025,0.23999999999999999,0.25,1348036
humidity,2025,0.25,0.26000000000000001,1299551
humidity,2025,0.26000000000000001,0.27000000000000002,1309081
humidity,2025,0.27000000000000002,0.28000000000000003,1386207
humidity,2025,0.28000000000000003,0.28999999999999998,1454646
humidity,2025,0.28999999999999998,0.29999999999999999,1406308
humidity,2025,0.29999999999999999,0.31,1329672
humidity,2025,0.31,0.32000000000000001,1378132
humidity,2025,0.32000000000000001,0.33000000000000002,1519391
humidity,2025,0.33000000000000002,0.34000000000000002,1480919
humidity,2025,0.34000000000000002,0.34999999999999998,1499266
humidity,2025,0.34999999999999998,0.35999999999999999,1542205
humidity,2025,0.35999999999999999,0.37,1504875
humidity,2025,0.37,0.38,1524588
humidity,2025,0.38,0.39000000000000001,1504169
humidity,2025,0.39000000000000001,0.40000000000000002,1555800
humidity,2025,0.40000000000000002,0.40999999999999998,1619597
humidity,2025,0.40999999999999998,0.41999999999999998,1589502
humidity,2025,0.41999999999999998,0.42999999999999999,1611333
humidity,2025,0.42999999999999999,0.44,1581135
humidity,2025,0.44,0.45000000000000001,1688025
humidity,2025,0.45000000000000001,0.46000000000000002,1564463
humidity,2025,0.46000000000000002,0.46999999999999997,1680142
humidity,2025,0.46999999999999997,0.47999999999999998,1672631
humidity,2025,0.47999999999999998,0.48999999999999999,1578647
humidity,2025,0.48999999999999999,0.5,1508112
humidity,2025,0.5,0.51000000000000001,1539130
humidity,2025,0.51000000000000001,0.52000000000000002,1549409
humidity,2025,0.52000000000000002,0.53000000000000003,1507727
humidity,2025,0.53000000000000003,0.54000000000000004,1689648
humidity,2025,0.54000000000000004,0.55000000000000004,1702032
humidity,2025,0.55000000000000004,0.56000000000000005,1621775
humidity,2025,0.56000000000000005,0.57000000000000006,1485897
humidity,2025,0.57000000000000006,0.57999999999999996,1533303
humidity,2025,0.57999999999999996,0.58999999999999997,1567665
humidity,2025,0.58999999999999997,0.59999999999999998,1662243
humidity,2025,0.59999999999999998,0.60999999999999999,1588076
humidity,2025,0.60999999999999999,0.62,1529391
humidity,2025,0.62,0.63,1538967
humidity,2025,0.63,0.64000000000000001,1498544
humidity,2025,0.64000000000000001,0.65000000000000002,1564002
humidity,2025,0.65000000000000002,0.66000000000000003,1728037
humidity,2025,0.66000000000000003,0.67000000000000004,1654282
humidity,2025,0.67000000000000004,0.68000000000000005,1678892
humidity,2025,0.68000000000000005,0.69000000000000006,1551228
humidity,2025,0.69000000000000006,0.70000000000000007,1437467
humidity,2025,0.70000000000000007,0.70999999999999996,1440387
humidity,2025,0.70999999999999996,0.71999999999999997,1432308
humidity,2025,0.71999999999999997,0.72999999999999998,1526437
humidity,2025,0.72999999999999998,0.73999999999999999,1515032
humidity,2025,0.73999999999999999,0.75,1407303
humidity,2025,0.75,0.76000000000000001,1354726
humidity,2025,0.76000000000000001,0.77000000000000002,1362226
humidity,2025,0.77000000000000002,0.78000000000000003,1332598
humidity,2025,0.78000000000000003,0.79000000000000004,1339630
humidity,2025,0.79000000000000004,0.80000000000000004,1345635
humidity,2025,0.80000000000000004,0.81000000000000005,1283783
humidity,2025,0.81000000000000005,0.82000000000000006,1231377
humidity,2025,0.82000000000000006,0.83000000000000007,1258094
humidity,2025,0.83000000000000007,0.83999999999999997,1227836
humidity,2025,0.83999999999999997,0.84999999999999998,1082480
humidity,2025,0.84999999999999998,0.85999999999999999,1211341
humidity,2025,0.85999999999999999,0.87,1287351
humidity,2025,0.87,0.88,1182077
humidity,2025,0.88,0.89000000000000001,1188919
humidity,2025,0.89000000000000001,0.90000000000000002,1045931
humidity,2025,0.90000000000000002,0.91000000000000003,1162260
humidity,2025,0.91000000000000003,0.92000000000000004,1047636
humidity,2025,0.92000000000000004,0.93000000000000005,954994
humidity,2025,0.93000000000000005,0.93999999999999995,950420
humidity,2025,0.93999999999999995,0.94999999999999996,1113894
humidity,2025,0.94999999999999996,0.95999999999999996,900494
humidity,2025,0.95999999999999996,0.96999999999999997,918614
humidity,2025,0.96999999999999997,0.97999999999999998,803423
humidity,2025,0.97999999999999998,0.98999999999999999,708183
humidity,2025,0.98999999999999999,1,319263
component_of_wind,2021,0,0.01,0
component_of_wind,2021,0.01,0.02,0
component_of_wind,2021,0.02,0.029999999999999999,0
component_of_wind,2021,0.029999999999999999,0.040000000000000001,0
component_of_wind,2021,0.040000000000000001,0.050000000000000003,0
component_of_wind,2021,0.050000000000000003,0.059999999999999998,0
component_of_wind,2021,0.059999999999999998,0.070000000000000007,0
component_of_wind,2021,0.070000000000000007,0.080000000000000002,0
component_of_wind,2021,0.080000000000000002,0.089999999999999997,0
component_of_wind,2021,0.089999999999999997,0.10000000000000001,9
component_of_wind,2021,0.10000000000000001,0.11,2837
component_of_wind,2021,0.11,0.12,10251
component_of_wind,2021,0.12,0.13,25533
component_of_wind,2021,0.13,0.14000000000000001,36440
component_of_wind,2021,0.14000000000000001,0.14999999999999999,45870
component_of_wind,2021,0.14999999999999999,0.16,51784
component_of_wind,2021,0.16,0.17000000000000001,63516
component_of_wind,2021,0.17000000000000001,0.17999999999999999,76437
component_of_wind,2021,0.17999999999999999,0.19,92049
component_of_wind,2021,0.19,0.20000000000000001,111382
component_of_wind,2021,0.20000000000000001,0.20999999999999999,138739
component_of_wind,2021,0.20999999999999999,0.22,186870
component_of_wind,2021,0.22,0.23000000000000001,268528
component_of_wind,2021,0.23000000000000001,0.23999999999999999,324951
component_of_wind,2021,0.23999999999999999,0.25,396599
component_of_wind,2021,0.25,0.26000000000000001,467649
component_of_wind,2021,0.26000000000000001,0.27000000000000002,553774
component_of_wind,2021,0.27000000000000002,0.28000000000000003,642299
component_of_wind,2021,0.28000000000000003,0.28999999999999998,786646
component_of_wind,2021,0.28999999999999998,0.29999999999999999,970258
component_of_wind,2021,0.29999999999999999,0.31,1145770
component_of_wind,2021,0.31,0.32000000000000001,1309283
component_of_wind,2021,0.32000000000000001,0.33000000000000002,1528950
component_of_wind,2021,0.33000000000000002,0.34000000000000002,1729350
component_of_wind,2021,0.34000000000000002,0.34999999999999998,1925016
component_of_wind,2021,0.34999999999999998,0.35999999999999999,2157097
component_of_wind,2021,0.35999999999999999,0.37,2382144
component_of_wind,2021,0.37,0.38,2627183
component_of_wind,2021,0.38,0.39000000000000001,2922187
component_of_wind,2021,0.39000000000000001,0.40000000000000002,3140855
component_of_wind,2021,0.40000000000000002,0.40999999999999998,3336216
component_of_wind,2021,0.40999999999999998,0.41999999999999998,3565500
component_of_wind,2021,0.41999999999999998,0.42999999999999999,3798314
component_of_wind,2021,0.42999999999999999,0.44,3986582
component_of_wind,2021,0.44,0.45000000000000001,4245110
component_of_wind,2021,0.45000000000000001,0.46000000000000002,4408779
component_of_wind,2021,0.46000000000000002,0.46999999999999997,4453549
component_of_wind,2021,0.46999999999999997,0.47999999999999998,4517375
component_of_wind,2021,0.47999999999999998,0.48999999999999999,4513224
component_of_wind,2021,0.48999999999999999,0.5,4535539
component_of_wind,2021,0.5,0.51000000000000001,4502864
component_of_wind,2021,0.51000000000000001,0.52000000000000002,4359726
component_of_wind,2021,0.52000000000000002,0.53000000000000003,4224575
component_of_wind,2021,0.53000000000000003,0.54000000000000004,4145547
component_of_wind,2021,0.54000000000000004,0.55000000000000004,3996046
component_of_wind,2021,0.55000000000000004,0.56000000000000005,3808958
component_of_wind,2021,0.56000000000000005,0.57000000000000006,3649659
component_of_wind,2021,0.57000000000000006,0.57999999999999996,3469673
component_of_wind,2021,0.57999999999999996,0.58999999999999997,3354445
component_of_wind,2021,0.58999999999999997,0.59999999999999998,3208020
component_of_wind,2021,0.59999999999999998,0.60999999999999999,2956641
component_of_wind,2021,0.60999999999999999,0.62,2602042
component_of_wind,2021,0.62,0.63,2266117
component_of_wind,2021,0.63,0.64000000000000001,2009129
component_of_wind,2021,0.64000000000000001,0.65000000000000002,1845372
component_of_wind,2021,0.65000000000000002,0.66000000000000003,1655942
component_of_wind,2021,0.66000000000000003,0.67000000000000004,1448031
component_of_wind,2021,0.67000000000000004,0.68000000000000005,1298773
component_of_wind,2021,0.68000000000000005,0.69000000000000006,1157631
component_of_wind,2021,0.69000000000000006,0.70000000000000007,997435
component_of_wind,2021,0.70000000000000007,0.70999999999999996,835985
component_of_wind,2021,0.70999999999999996,0.71999999999999997,726117
component_of_wind,2021,0.71999999999999997,0.72999999999999998,616880
component_of_wind,2021,0.72999999999999998,0.73999999999999999,497575
component_of_wind,2021,0.73999999999999999,0.75,404320
component_of_wind,2021,0.75,0.76000000000000001,319657
component_of_wind,2021,0.76000000000000001,0.77000000000000002,249002
component_of_wind,2021,0.77000000000000002,0.78000000000000003,205266
component_of_wind,2021,0.78000000000000003,0.79000000000000004,167763
component_of_wind,2021,0.79000000000000004,0.80000000000000004,143006
component_of_wind,2021,0.80000000000000004,0.81000000000000005,124003
component_of_wind,2021,0.81000000000000005,0.82000000000000006,103270
component_of_wind,2021,0.82000000000000006,0.83000000000000007,93097
component_of_wind,2021,0.83000000000000007,0.83999999999999997,76332
component_of_wind,2021,0.83999999999999997,0.84999999999999998,63879
component_of_wind,2021,0.84999999999999998,0.85999999999999999,56687
component_of_wind,2021,0.85999999999999999,0.87,36835
component_of_wind,2021,0.87,0.88,13053
component_of_wind,2021,0.88,0.89000000000000001,1585
component_of_wind,2021,0.89000000000000001,0.90000000000000002,74
component_of_wind,2021,0.90000000000000002,0.91000000000000003,0
component_of_wind,2021,0.91000000000000003,0.92000000000000004,0
component_of_wind,2021,0.92000000000000004,0.93000000000000005,0
component_of_wind,2021,0.93000000000000005,0.93999999999999995,0
component_of_wind,2021,0.93999999999999995,0.94999999999999996,0
component_of_wind,2021,0.94999999999999996,0.95999999999999996,0
component_of_wind,2021,0.95999999999999996,0.96999999999999997,0
component_of_wind,2021,0.96999999999999997,0.97999999999999998,0
component_of_wind,2021,0.97999999999999998,0.98999999999999999,0
component_of_wind,2021,0.98999999999999999,1,0
component_of_wind,2022,0,0.01,0
component_of_wind,2022,0.01,0.02,0
component_of_wind,2022,0.02,0.029999999999999999,0
component_of_wind,2022,0.029999999999999999,0.040000000000000001,0
component_of_wind,2022,0.040000000000000001,0.050000000000000003,0
component_of_wind,2022,0.050000000000000003,0.059999999999999998,0
component_of_wind,2022,0.059999999999999998,0.070000000000000007,0
component_of_wind,2022,0.070000000000000007,0.080000000000000002,268
component_of_wind,2022,0.080000000000000002,0.089999999999999997,4948
component_of_wind,2022,0.089999999999999997,0.10000000000000001,3112
component_of_wind,2022,0.10000000000000001,0.11,7701
component_of_wind,2022,0.11,0.12,17524
component_of_wind,2022,0.12,0.13,42109
component_of_wind,2022,0.13,0.14000000000000001,63390
component_of_wind,2022,0.14000000000000001,0.14999999999999999,87290
component_of_wind,2022,0.14999999999999999,0.16,125580
component_of_wind,2022,0.16,0.17000000000000001,175282
component_of_wind,2022,0.17000000000000001,0.17999999999999999,217027
component_of_wind,2022,0.17999999999999999,0.19,277497
component_of_wind,2022,0.19,0.20000000000000001,354869
component_of_wind,2022,0.20000000000000001,0.20999999999999999,413461
component_of_wind,2022,0.20999999999999999,0.22,485820
component_of_wind,2022,0.22,0.23000000000000001,603736
component_of_wind,2022,0.23000000000000001,0.23999999999999999,742081
component_of_wind,2022,0.23999999999999999,0.25,843194
component_of_wind,2022,0.25,0.26000000000000001,929840
component_of_wind,2022,0.26000000000000001,0.27000000000000002,1054015
component_of_wind,2022,0.27000000000000002,0.28000000000000003,1173069
component_of_wind,2022,0.28000000000000003,0.28999999999999998,1304790
component_of_wind,2022,0.28999999999999998,0.29999999999999999,1453232
component_of_wind,2022,0.29999999999999999,0.31,1565705
component_of_wind,2022,0.31,0.32000000000000001,1705576
component_of_wind,2022,0.32000000000000001,0.33000000000000002,1866893
component_of_wind,2022,0.33000000000000002,0.34000000000000002,2080588
component_of_wind,2022,0.34000000000000002,0.34999999999999998,2286436
component_of_wind,2022,0.34999999999999998,0.35999999999999999,2370711
component_of_wind,2022,0.35999999999999999,0.37,2479671
component_of_wind,2022,0.37,0.38,2589192
component_of_wind,2022,0.38,0.39000000000000001,2683001
component_of_wind,2022,0.39000000000000001,0.40000000000000002,2729539
component_of_wind,2022,0.40000000000000002,0.40999999999999998,2774308
component_of_wind,2022,0.40999999999999998,0.41999999999999998,2820336
component_of_wind,2022,0.41999999999999998,0.42999999999999999,2880527
component_of_wind,2022,0.42999999999999999,0.44,2945864
component_of_wind,2022,0.44,0.45000000000000001,3027765
component_of_wind,2022,0.45000000000000001,0.46000000000000002,3080622
component_of_wind,2022,0.46000000000000002,0.46999999999999997,3163205
component_of_wind,2022,0.46999999999999997,0.47999999999999998,3261648
component_of_wind,2022,0.47999999999999998,0.48999999999999999,3322623
component_of_wind,2022,0.48999999999999999,0.5,3328415
component_of_wind,2022,0.5,0.51000000000000001,3335287
component_of_wind,2022,0.51000000000000001,0.52000000000000002,3345827
component_of_wind,2022,0.52000000000000002,0.53000000000000003,3334577
component_of_wind,2022,0.53000000000000003,0.54000000000000004,3337740
component_of_wind,2022,0.54000000000000004,0.55000000000000004,3280680
component_of_wind,2022,0.55000000000000004,0.56000000000000005,3146570
component_of_wind,2022,0.56000000000000005,0.57000000000000006,2937505
component_of_wind,2022,0.57000000000000006,0.57999999999999996,2822768
component_of_wind,2022,0.57999999999999996,0.58999999999999997,2801077
component_of_wind,2022,0.58999999999999997,0.59999999999999998,2818219
component_of_wind,2022,0.59999999999999998,0.60999999999999999,2835574
component_of_wind,2022,0.60999999999999999,0.62,2768311
component_of_wind,2022,0.62,0.63,2585059
component_of_wind,2022,0.63,0.64000000000000001,2377773
component_of_wind,2022,0.64000000000000001,0.65000000000000002,2216061
component_of_wind,2022,0.65000000000000002,0.66000000000000003,2112247
component_of_wind,2022,0.66000000000000003,0.67000000000000004,2014123
component_of_wind,2022,0.67000000000000004,0.68000000000000005,1937249
component_of_wind,2022,0.68000000000000005,0.69000000000000006,1775840
component_of_wind,2022,0.69000000000000006,0.70000000000000007,1632154
component_of_wind,2022,0.70000000000000007,0.70999999999999996,1506835
component_of_wind,2022,0.70999999999999996,0.71999999999999997,1396452
component_of_wind,2022,0.71999999999999997,0.72999999999999998,1302351
component_of_wind,2022,0.72999999999999998,0.73999999999999999,1197118
component_of_wind,2022,0.73999999999999999,0.75,1148201
component_of_wind,2022,0.75,0.76000000000000001,1031747
component_of_wind,2022,0.76000000000000001,0.77000000000000002,887898
component_of_wind,2022,0.77000000000000002,0.78000000000000003,739637
component_of_wind,2022,0.78000000000000003,0.79000000000000004,622233
component_of_wind,2022,0.79000000000000004,0.80000000000000004,519324
component_of_wind,2022,0.80000000000000004,0.81000000000000005,439231
component_of_wind,2022,0.81000000000000005,0.82000000000000006,369653
component_of_wind,2022,0.82000000000000006,0.83000000000000007,314207
component_of_wind,2022,0.83000000000000007,0.83999999999999997,273995
component_of_wind,2022,0.83999999999999997,0.84999999999999998,222963
component_of_wind,2022,0.84999999999999998,0.85999999999999999,153123
component_of_wind,2022,0.85999999999999999,0.87,79405
component_of_wind,2022,0.87,0.88,59440
component_of_wind,2022,0.88,0.89000000000000001,53743
component_of_wind,2022,0.89000000000000001,0.90000000000000002,38961
component_of_wind,2022,0.90000000000000002,0.91000000000000003,29639
component_of_wind,2022,0.91000000000000003,0.92000000000000004,12381
component_of_wind,2022,0.92000000000000004,0.93000000000000005,5717
component_of_wind,2022,0.93000000000000005,0.93999999999999995,2252
component_of_wind,2022,0.93999999999999995,0.94999999999999996,6990
component_of_wind,2022,0.94999999999999996,0.95999999999999996,859
component_of_wind,2022,0.95999999999999996,0.96999999999999997,0
component_of_wind,2022,0.96999999999999997,0.97999999999999998,0
component_of_wind,2022,0.97999999999999998,0.98999999999999999,0
component_of_wind,2022,0.98999999999999999,1,0
component_of_wind,2023,0,0.01,0
component_of_wind,2023,0.01,0.02,0
component_of_wind,2023,0.02,0.029999999999999999,0
component_of_wind,2023,0.029999999999999999,0.040000000000000001,0
component_of_wind,2023,0.040000000000000001,0.050000000000000003,0
component_of_wind,2023,0.050000000000000003,0.059999999999999998,1
component_of_wind,2023,0.059999999999999998,0.070000000000000007,331
component_of_wind,2023,0.070000000000000007,0.080000000000000002,2680
component_of_wind,2023,0.080000000000000002,0.089999999999999997,5197
component_of_wind,2023,0.089999999999999997,0.10000000000000001,7095
component_of_wind,2023,0.10000000000000001,0.11,14746
component_of_wind,2023,0.11,0.12,20876
component_of_wind,2023,0.12,0.13,31652
component_of_wind,2023,0.13,0.14000000000000001,40409
component_of_wind,2023,0.14000000000000001,0.14999999999999999,59984
component_of_wind,2023,0.14999999999999999,0.16,77778
component_of_wind,2023,0.16,0.17000000000000001,82979
component_of_wind,2023,0.17000000000000001,0.17999999999999999,93088
component_of_wind,2023,0.17999999999999999,0.19,129907
component_of_wind,2023,0.19,0.20000000000000001,171658
component_of_wind,2023,0.20000000000000001,0.20999999999999999,208625
component_of_wind,2023,0.20999999999999999,0.22,259851
component_of_wind,2023,0.22,0.23000000000000001,282024
component_of_wind,2023,0.23000000000000001,0.23999999999999999,313969
component_of_wind,2023,0.23999999999999999,0.25,378553
component_of_wind,2023,0.25,0.26000000000000001,470577
component_of_wind,2023,0.26000000000000001,0.27000000000000002,547702
component_of_wind,2023,0.27000000000000002,0.28000000000000003,658394
component_of_wind,2023,0.28000000000000003,0.28999999999999998,791677
component_of_wind,2023,0.28999999999999998,0.29999999999999999,880262
component_of_wind,2023,0.29999999999999999,0.31,1017534
component_of_wind,2023,0.31,0.32000000000000001,1143635
component_of_wind,2023,0.32000000000000001,0.33000000000000002,1289565
component_of_wind,2023,0.33000000000000002,0.34000000000000002,1430353
component_of_wind,2023,0.34000000000000002,0.34999999999999998,1542140
component_of_wind,2023,0.34999999999999998,0.35999999999999999,1709253
component_of_wind,2023,0.35999999999999999,0.37,1950732
component_of_wind,2023,0.37,0.38,2170017
component_of_wind,2023,0.38,0.39000000000000001,2344998
component_of_wind,2023,0.39000000000000001,0.40000000000000002,2516555
component_of_wind,2023,0.40000000000000002,0.40999999999999998,2680288
component_of_wind,2023,0.40999999999999998,0.41999999999999998,2901600
component_of_wind,2023,0.41999999999999998,0.42999999999999999,3155000
component_of_wind,2023,0.42999999999999999,0.44,3324508
component_of_wind,2023,0.44,0.45000000000000001,3532373
component_of_wind,2023,0.45000000000000001,0.46000000000000002,3818933
component_of_wind,2023,0.46000000000000002,0.46999999999999997,3945318
component_of_wind,2023,0.46999999999999997,0.47999999999999998,4015766
component_of_wind,2023,0.47999999999999998,0.48999999999999999,4134252
component_of_wind,2023,0.48999999999999999,0.5,4184615
component_of_wind,2023,0.5,0.51000000000000001,4271100
component_of_wind,2023,0.51000000000000001,0.52000000000000002,4316467
component_of_wind,2023,0.52000000000000002,0.53000000000000003,4280846
component_of_wind,2023,0.53000000000000003,0.54000000000000004,4197063
component_of_wind,2023,0.54000000000000004,0.55000000000000004,4217179
component_of_wind,2023,0.55000000000000004,0.56000000000000005,4130365
component_of_wind,2023,0.56000000000000005,0.57000000000000006,3992876
component_of_wind,2023,0.57000000000000006,0.57999999999999996,3840352
component_of_wind,2023,0.57999999999999996,0.58999999999999997,3586880
component_of_wind,2023,0.58999999999999997,0.59999999999999998,3343626
component_of_wind,2023,0.59999999999999998,0.60999999999999999,3199854
component_of_wind,2023,0.60999999999999999,0.62,3061738
component_of_wind,2023,0.62,0.63,2838685
component_of_wind,2023,0.63,0.64000000000000001,2567778
component_of_wind,2023,0.64000000000000001,0.65000000000000002,2331394
component_of_wind,2023,0.65000000000000002,0.66000000000000003,2150049
component_of_wind,2023,0.66000000000000003,0.67000000000000004,1955184
component_of_wind,2023,0.67000000000000004,0.68000000000000005,1749902
component_of_wind,2023,0.68000000000000005,0.69000000000000006,1579467
component_of_wind,2023,0.69000000000000006,0.70000000000000007,1416048
component_of_wind,2023,0.70000000000000007,0.70999999999999996,1236419
component_of_wind,2023,0.70999999999999996,0.71999999999999997,1066097
component_of_wind,2023,0.71999999999999997,0.72999999999999998,936788
component_of_wind,2023,0.72999999999999998,0.73999999999999999,789069
component_of_wind,2023,0.73999999999999999,0.75,705046
component_of_wind,2023,0.75,0.76000000000000001,604051
component_of_wind,2023,0.76000000000000001,0.77000000000000002,517536
component_of_wind,2023,0.77000000000000002,0.78000000000000003,452882
component_of_wind,2023,0.78000000000000003,0.79000000000000004,363502
component_of_wind,2023,0.79000000000000004,0.80000000000000004,307321
component_of_wind,2023,0.80000000000000004,0.81000000000000005,241027
component_of_wind,2023,0.81000000000000005,0.82000000000000006,180213
component_of_wind,2023,0.82000000000000006,0.83000000000000007,118974
component_of_wind,2023,0.83000000000000007,0.83999999999999997,91269
component_of_wind,2023,0.83999999999999997,0.84999999999999998,79774
component_of_wind,2023,0.84999999999999998,0.85999999999999999,49203
component_of_wind,2023,0.85999999999999999,0.87,32492
component_of_wind,2023,0.87,0.88,16657
component_of_wind,2023,0.88,0.89000000000000001,8129
component_of_wind,2023,0.89000000000000001,0.90000000000000002,5205
component_of_wind,2023,0.90000000000000002,0.91000000000000003,4871
component_of_wind,2023,0.91000000000000003,0.92000000000000004,628
component_of_wind,2023,0.92000000000000004,0.93000000000000005,0
component_of_wind,2023,0.93000000000000005,0.93999999999999995,0
component_of_wind,2023,0.93999999999999995,0.94999999999999996,0
component_of_wind,2023,0.94999999999999996,0.95999999999999996,0
component_of_wind,2023,0.95999999999999996,0.96999999999999997,0
component_of_wind,2023,0.96999999999999997,0.97999999999999998,0
component_of_wind,2023,0.97999999999999998,0.98999999999999999,0
component_of_wind,2023,0.98999999999999999,1,0
component_of_wind,2024,0,0.01,0
component_of_wind,2024,0.01,0.02,0
component_of_wind,2024,0.02,0.029999999999999999,0
component_of_wind,2024,0.029999999999999999,0.040000000000000001,0
component_of_wind,2024,0.040000000000000001,0.050000000000000003,0
component_of_wind,2024,0.050000000000000003,0.059999999999999998,0
component_of_wind,2024,0.059999999999999998,0.070000000000000007,0
component_of_wind,2024,0.070000000000000007,0.080000000000000002,0
component_of_wind,2024,0.080000000000000002,0.089999999999999997,49
component_of_wind,2024,0.089999999999999997,0.10000000000000001,929
component_of_wind,2024,0.10000000000000001,0.11,3030
component_of_wind,2024,0.11,0.12,3364
component_of_wind,2024,0.12,0.13,7767
component_of_wind,2024,0.13,0.14000000000000001,21361
component_of_wind,2024,0.14000000000000001,0.14999999999999999,24482
component_of_wind,2024,0.14999999999999999,0.16,30960
component_of_wind,2024,0.16,0.17000000000000001,44448
component_of_wind,2024,0.17000000000000001,0.17999999999999999,79540
component_of_wind,2024,0.17999999999999999,0.19,127106
component_of_wind,2024,0.19,0.20000000000000001,152666
component_of_wind,2024,0.20000000000000001,0.20999999999999999,199086
component_of_wind,2024,0.20999999999999999,0.22,268276
component_of_wind,2024,0.22,0.23000000000000001,351149
component_of_wind,2024,0.23000000000000001,0.23999999999999999,435654
component_of_wind,2024,0.23999999999999999,0.25,501710
component_of_wind,2024,0.25,0.26000000000000001,634670
component_of_wind,2024,0.26000000000000001,0.27000000000000002,734731
component_of_wind,2024,0.27000000000000002,0.28000000000000003,844238
component_of_wind,2024,0.28000000000000003,0.28999999999999998,996316
component_of_wind,2024,0.28999999999999998,0.29999999999999999,1195164
component_of_wind,2024,0.29999999999999999,0.31,1352096
component_of_wind,2024,0.31,0.32000000000000001,1530526
component_of_wind,2024,0.32000000000000001,0.33000000000000002,1750820
component_of_wind,2024,0.33000000000000002,0.34000000000000002,2013369
component_of_wind,2024,0.34000000000000002,0.34999999999999998,2243970
component_of_wind,2024,0.34999999999999998,0.35999999999999999,2473751
component_of_wind,2024,0.35999999999999999,0.37,2669021
component_of_wind,2024,0.37,0.38,2805486
component_of_wind,2024,0.38,0.39000000000000001,2985510
component_of_wind,2024,0.39000000000000001,0.40000000000000002,3168968
component_of_wind,2024,0.40000000000000002,0.40999999999999998,3352267
component_of_wind,2024,0.40999999999999998,0.41999999999999998,3474427
component_of_wind,2024,0.41999999999999998,0.42999999999999999,3565781
component_of_wind,2024,0.42999999999999999,0.44,3737819
component_of_wind,2024,0.44,0.45000000000000001,3827157
component_of_wind,2024,0.45000000000000001,0.46000000000000002,3849043
component_of_wind,2024,0.46000000000000002,0.46999999999999997,3955846
component_of_wind,2024,0.46999999999999997,0.47999999999999998,4083468
component_of_wind,2024,0.47999999999999998,0.48999999999999999,4098925
component_of_wind,2024,0.48999999999999999,0.5,4109079
component_of_wind,2024,0.5,0.51000000000000001,4050007
component_of_wind,2024,0.51000000000000001,0.52000000000000002,3958945
component_of_wind,2024,0.52000000000000002,0.53000000000000003,3989711
component_of_wind,2024,0.53000000000000003,0.54000000000000004,4008076
component_of_wind,2024,0.54000000000000004,0.55000000000000004,3915965
component_of_wind,2024,0.55000000000000004,0.56000000000000005,3658730
component_of_wind,2024,0.56000000000000005,0.57000000000000006,3422617
component_of_wind,2024,0.57000000000000006,0.57999999999999996,3261431
component_of_wind,2024,0.57999999999999996,0.58999999999999997,3082557
component_of_wind,2024,0.58999999999999997,0.59999999999999998,2853299
component_of_wind,2024,0.59999999999999998,0.60999999999999999,2637447
component_of_wind,2024,0.60999999999999999,0.62,2445188
component_of_wind,2024,0.62,0.63,2274758
component_of_wind,2024,0.63,0.64000000000000001,2077106
component_of_wind,2024,0.64000000000000001,0.65000000000000002,1883927
component_of_wind,2024,0.65000000000000002,0.66000000000000003,1748770
component_of_wind,2024,0.66000000000000003,0.67000000000000004,1576399
component_of_wind,2024,0.67000000000000004,0.68000000000000005,1383836
component_of_wind,2024,0.68000000000000005,0.69000000000000006,1198957
component_of_wind,2024,0.69000000000000006,0.70000000000000007,1004867
component_of_wind,2024,0.70000000000000007,0.70999999999999996,847360
component_of_wind,2024,0.70999999999999996,0.71999999999999997,776070
component_of_wind,2024,0.71999999999999997,0.72999999999999998,726701
component_of_wind,2024,0.72999999999999998,0.73999999999999999,691133
component_of_wind,2024,0.73999999999999999,0.75,601715
component_of_wind,2024,0.75,0.76000000000000001,514223
component_of_wind,2024,0.76000000000000001,0.77000000000000002,433600
component_of_wind,2024,0.77000000000000002,0.78000000000000003,352528
component_of_wind,2024,0.78000000000000003,0.79000000000000004,306748
component_of_wind,2024,0.79000000000000004,0.80000000000000004,268448
component_of_wind,2024,0.80000000000000004,0.81000000000000005,247320
component_of_wind,2024,0.81000000000000005,0.82000000000000006,230964
component_of_wind,2024,0.82000000000000006,0.83000000000000007,202801
component_of_wind,2024,0.83000000000000007,0.83999999999999997,172961
component_of_wind,2024,0.83999999999999997,0.84999999999999998,144032
component_of_wind,2024,0.84999999999999998,0.85999999999999999,122775
component_of_wind,2024,0.85999999999999999,0.87,95691
component_of_wind,2024,0.87,0.88,76410
component_of_wind,2024,0.88,0.89000000000000001,66411
component_of_wind,2024,0.89000000000000001,0.90000000000000002,59523
component_of_wind,2024,0.90000000000000002,0.91000000000000003,47476
component_of_wind,2024,0.91000000000000003,0.92000000000000004,26908
component_of_wind,2024,0.92000000000000004,0.93000000000000005,7237
component_of_wind,2024,0.93000000000000005,0.93999999999999995,7761
component_of_wind,2024,0.93999999999999995,0.94999999999999996,7973
component_of_wind,2024,0.94999999999999996,0.95999999999999996,69
component_of_wind,2024,0.95999999999999996,0.96999999999999997,0
component_of_wind,2024,0.96999999999999997,0.97999999999999998,0
component_of_wind,2024,0.97999999999999998,0.98999999999999999,0
component_of_wind,2024,0.98999999999999999,1,0
component_of_wind,2025,0,0.01,0
component_of_wind,2025,0.01,0.02,0
component_of_wind,2025,0.02,0.029999999999999999,0
component_of_wind,2025,0.029999999999999999,0.040000000000000001,0
component_of_wind,2025,0.040000000000000001,0.050000000000000003,27
component_of_wind,2025,0.050000000000000003,0.059999999999999998,3683
component_of_wind,2025,0.059999999999999998,0.070000000000000007,14178
component_of_wind,2025,0.070000000000000007,0.080000000000000002,20863
component_of_wind,2025,0.080000000000000002,0.089999999999999997,36286
component_of_wind,2025,0.089999999999999997,0.10000000000000001,35349
component_of_wind,2025,0.10000000000000001,0.11,39626
component_of_wind,2025,0.11,0.12,52983
component_of_wind,2025,0.12,0.13,63912
component_of_wind,2025,0.13,0.14000000000000001,98170
component_of_wind,2025,0.14000000000000001,0.14999999999999999,131526
component_of_wind,2025,0.14999999999999999,0.16,181716
component_of_wind,2025,0.16,0.17000000000000001,218557
component_of_wind,2025,0.17000000000000001,0.17999999999999999,239042
component_of_wind,2025,0.17999999999999999,0.19,246889
component_of_wind,2025,0.19,0.20000000000000001,278568
component_of_wind,2025,0.20000000000000001,0.20999999999999999,334416
component_of_wind,2025,0.20999999999999999,0.22,401106
component_of_wind,2025,0.22,0.23000000000000001,482683
component_of_wind,2025,0.23000000000000001,0.23999999999999999,543509
component_of_wind,2025,0.23999999999999999,0.25,595640
component_of_wind,2025,0.25,0.26000000000000001,641875
component_of_wind,2025,0.26000000000000001,0.27000000000000002,718886
component_of_wind,2025,0.27000000000000002,0.28000000000000003,847038
component_of_wind,2025,0.28000000000000003,0.28999999999999998,995404
component_of_wind,2025,0.28999999999999998,0.29999999999999999,1122483
component_of_wind,2025,0.29999999999999999,0.31,1193612
component_of_wind,2025,0.31,0.32000000000000001,1249843
component_of_wind,2025,0.32000000000000001,0.33000000000000002,1325917
component_of_wind,2025,0.33000000000000002,0.34000000000000002,1423953
component_of_wind,2025,0.34000000000000002,0.34999999999999998,1523330
component_of_wind,2025,0.34999999999999998,0.35999999999999999,1605246
component_of_wind,2025,0.35999999999999999,0.37,1684422
component_of_wind,2025,0.37,0.38,1817959
component_of_wind,2025,0.38,0.39000000000000001,1959970
component_of_wind,2025,0.39000000000000001,0.40000000000000002,2074656
component_of_wind,2025,0.40000000000000002,0.40999999999999998,2208809
component_of_wind,2025,0.40999999999999998,0.41999999999999998,2348283
component_of_wind,2025,0.41999999999999998,0.42999999999999999,2507506
component_of_wind,2025,0.42999999999999999,0.44,2625308
component_of_wind,2025,0.44,0.45000000000000001,2696400
component_of_wind,2025,0.45000000000000001,0.46000000000000002,2808216
component_of_wind,2025,0.46000000000000002,0.46999999999999997,2922589
component_of_wind,2025,0.46999999999999997,0.47999999999999998,3048373
component_of_wind,2025,0.47999999999999998,0.48999999999999999,3140749
component_of_wind,2025,0.48999999999999999,0.5,3168322
component_of_wind,2025,0.5,0.51000000000000001,3258561
component_of_wind,2025,0.51000000000000001,0.52000000000000002,3376118
component_of_wind,2025,0.52000000000000002,0.53000000000000003,3437511
component_of_wind,2025,0.53000000000000003,0.54000000000000004,3461338
component_of_wind,2025,0.54000000000000004,0.55000000000000004,3456399
component_of_wind,2025,0.55000000000000004,0.56000000000000005,3506099
component_of_wind,2025,0.56000000000000005,0.57000000000000006,3556964
component_of_wind,2025,0.57000000000000006,0.57999999999999996,3505910
component_of_wind,2025,0.57999999999999996,0.58999999999999997,3407122
component_of_wind,2025,0.58999999999999997,0.59999999999999998,3334933
component_of_wind,2025,0.59999999999999998,0.60999999999999999,3268706
component_of_wind,2025,0.60999999999999999,0.62,3189573
component_of_wind,2025,0.62,0.63,3102448
component_of_wind,2025,0.63,0.64000000000000001,3004276
component_of_wind,2025,0.64000000000000001,0.65000000000000002,2908007
component_of_wind,2025,0.65000000000000002,0.66000000000000003,2814589
component_of_wind,2025,0.66000000000000003,0.67000000000000004,2702605
component_of_wind,2025,0.67000000000000004,0.68000000000000005,2562856
component_of_wind,2025,0.68000000000000005,0.69000000000000006,2374385
component_of_wind,2025,0.69000000000000006,0.70000000000000007,2189452
component_of_wind,2025,0.70000000000000007,0.70999999999999996,1989454
component_of_wind,2025,0.70999999999999996,0.71999999999999997,1810687
component_of_wind,2025,0.71999999999999997,0.72999999999999998,1662676
component_of_wind,2025,0.72999999999999998,0.73999999999999999,1527059
component_of_wind,2025,0.73999999999999999,0.75,1344138
component_of_wind,2025,0.75,0.76000000000000001,1192662
component_of_wind,2025,0.76000000000000001,0.77000000000000002,1043214
component_of_wind,2025,0.77000000000000002,0.78000000000000003,881782
component_of_wind,2025,0.78000000000000003,0.79000000000000004,755070
component_of_wind,2025,0.79000000000000004,0.80000000000000004,616406
component_of_wind,2025,0.80000000000000004,0.81000000000000005,491156
component_of_wind,2025,0.81000000000000005,0.82000000000000006,427743
component_of_wind,2025,0.82000000000000006,0.83000000000000007,335343
component_of_wind,2025,0.83000000000000007,0.83999999999999997,261137
component_of_wind,2025,0.83999999999999997,0.84999999999999998,214333
component_of_wind,2025,0.84999999999999998,0.85999999999999999,173465
component_of_wind,2025,0.85999999999999999,0.87,118570
component_of_wind,2025,0.87,0.88,87688
component_of_wind,2025,0.88,0.89000000000000001,51609
component_of_wind,2025,0.89000000000000001,0.90000000000000002,37474
component_of_wind,2025,0.90000000000000002,0.91000000000000003,30754
component_of_wind,2025,0.91000000000000003,0.92000000000000004,15069
component_of_wind,2025,0.92000000000000004,0.93000000000000005,6030
component_of_wind,2025,0.93000000000000005,0.93999999999999995,2175
component_of_wind,2025,0.93999999999999995,0.94999999999999996,32
component_of_wind,2025,0.94999999999999996,0.95999999999999996,0
component_of_wind,2025,0.95999999999999996,0.96999999999999997,0
component_of_wind,2025,0.96999999999999997,0.97999999999999998,0
component_of_wind,2025,0.97999999999999998,0.98999999999999999,0
component_of_wind,2025,0.98999999999999999,1,0
cloud_cover,2021,0,0.01,0
cloud_cover,2021,0.01,0.02,310
cloud_cover,2021,0.02,0.029999999999999999,32112
cloud_cover,2021,0.029999999999999999,0.040000000000000001,141793
cloud_cover,2021,0.040000000000000001,0.050000000000000003,304039
cloud_cover,2021,0.050000000000000003,0.059999999999999998,507151
cloud_cover,2021,0.059999999999999998,0.070000000000000007,708554
cloud_cover,2021,0.070000000000000007,0.080000000000000002,815385
cloud_cover,2021,0.080000000000000002,0.089999999999999997,980517
cloud_cover,2021,0.089999999999999997,0.10000000000000001,1129352
cloud_cover,2021,0.10000000000000001,0.11,1233946
cloud_cover,2021,0.11,0.12,1319565
cloud_cover,2021,0.12,0.13,1400545
cloud_cover,2021,0.13,0.14000000000000001,1416628
cloud_cover,2021,0.14000000000000001,0.14999999999999999,1447004
cloud_cover,2021,0.14999999999999999,0.16,1476223
cloud_cover,2021,0.16,0.17000000000000001,1480846
cloud_cover,2021,0.17000000000000001,0.17999999999999999,1456633
cloud_cover,2021,0.17999999999999999,0.19,1475531
cloud_cover,2021,0.19,0.20000000000000001,1514472
cloud_cover,2021,0.20000000000000001,0.20999999999999999,1529941
cloud_cover,2021,0.20999999999999999,0.22,1537714
cloud_cover,2021,0.22,0.23000000000000001,1529570
cloud_cover,2021,0.23000000000000001,0.23999999999999999,1551769
cloud_cover,2021,0.23999999999999999,0.25,1556155
cloud_cover,2021,0.25,0.26000000000000001,1563494
cloud_cover,2021,0.26000000000000001,0.27000000000000002,1600935
cloud_cover,2021,0.27000000000000002,0.28000000000000003,1618657
cloud_cover,2021,0.28000000000000003,0.28999999999999998,1625685
cloud_cover,2021,0.28999999999999998,0.29999999999999999,1660122
cloud_cover,2021,0.29999999999999999,0.31,1709180
cloud_cover,2021,0.31,0.32000000000000001,1703744
cloud_cover,2021,0.32000000000000001,0.33000000000000002,1740644
cloud_cover,2021,0.33000000000000002,0.34000000000000002,1745125
cloud_cover,2021,0.34000000000000002,0.34999999999999998,1729091
cloud_cover,2021,0.34999999999999998,0.35999999999999999,1755827
cloud_cover,2021,0.35999999999999999,0.37,1767476
cloud_cover,2021,0.37,0.38,1767449
cloud_cover,2021,0.38,0.39000000000000001,1753432
cloud_cover,2021,0.39000000000000001,0.40000000000000002,1773385
cloud_cover,2021,0.40000000000000002,0.40999999999999998,1799646
cloud_cover,2021,0.40999999999999998,0.41999999999999998,1816376
cloud_cover,2021,0.41999999999999998,0.42999999999999999,1820802
cloud_cover,2021,0.42999999999999999,0.44,1809414
cloud_cover,2021,0.44,0.45000000000000001,1803079
cloud_cover,2021,0.45000000000000001,0.46000000000000002,1836159
cloud_cover,2021,0.46000000000000002,0.46999999999999997,1842618
cloud_cover,2021,0.46999999999999997,0.47999999999999998,1869573
cloud_cover,2021,0.47999999999999998,0.48999999999999999,1888588
cloud_cover,2021,0.48999999999999999,0.5,1869086
cloud_cover,2021,0.5,0.51000000000000001,1875926
cloud_cover,2021,0.51000000000000001,0.52000000000000002,1882563
cloud_cover,2021,0.52000000000000002,0.53000000000000003,1899023
cloud_cover,2021,0.53000000000000003,0.54000000000000004,1923992
cloud_cover,2021,0.54000000000000004,0.55000000000000004,1937067
cloud_cover,2021,0.55000000000000004,0.56000000000000005,1970913
cloud_cover,2021,0.56000000000000005,0.57000000000000006,1961637
cloud_cover,2021,0.57000000000000006,0.57999999999999996,2013668
cloud_cover,2021,0.57999999999999996,0.58999999999999997,2022584
cloud_cover,2021,0.58999999999999997,0.59999999999999998,2037557
cloud_cover,2021,0.59999999999999998,0.60999999999999999,2033792
cloud_cover,2021,0.60999999999999999,0.62,2005493
cloud_cover,2021,0.62,0.63,1923840
cloud_cover,2021,0.63,0.64000000000000001,1855692
cloud_cover,2021,0.64000000000000001,0.65000000000000002,1909885
cloud_cover,2021,0.65000000000000002,0.66000000000000003,1868182
cloud_cover,2021,0.66000000000000003,0.67000000000000004,1777236
cloud_cover,2021,0.67000000000000004,0.68000000000000005,1743743
cloud_cover,2021,0.68000000000000005,0.69000000000000006,1794402
cloud_cover,2021,0.69000000000000006,0.70000000000000007,1634044
cloud_cover,2021,0.70000000000000007,0.70999999999999996,1623461
cloud_cover,2021,0.70999999999999996,0.71999999999999997,1561186
cloud_cover,2021,0.71999999999999997,0.72999999999999998,1530959
cloud_cover,2021,0.72999999999999998,0.73999999999999999,1500161
cloud_cover,2021,0.73999999999999999,0.75,1348971
cloud_cover,2021,0.75,0.76000000000000001,1322487
cloud_cover,2021,0.76000000000000001,0.77000000000000002,1207976
cloud_cover,2021,0.77000000000000002,0.78000000000000003,1161255
cloud_cover,2021,0.78000000000000003,0.79000000000000004,1062526
cloud_cover,2021,0.79000000000000004,0.80000000000000004,1000344
cloud_cover,2021,0.80000000000000004,0.81000000000000005,964129
cloud_cover,2021,0.81000000000000005,0.82000000000000006,840973
cloud_cover,2021,0.82000000000000006,0.83000000000000007,777367
cloud_cover,2021,0.83000000000000007,0.83999999999999997,697510
cloud_cover,2021,0.83999999999999997,0.84999999999999998,676559
cloud_cover,2021,0.84999999999999998,0.85999999999999999,621085
cloud_cover,2021,0.85999999999999999,0.87,473163
cloud_cover,2021,0.87,0.88,405660
cloud_cover,2021,0.88,0.89000000000000001,370385
cloud_cover,2021,0.89000000000000001,0.90000000000000002,304008
cloud_cover,2021,0.90000000000000002,0.91000000000000003,319814
cloud_cover,2021,0.91000000000000003,0.92000000000000004,271433
cloud_cover,2021,0.92000000000000004,0.93000000000000005,211088
cloud_cover,2021,0.93000000000000005,0.93999999999999995,189247
cloud_cover,2021,0.93999999999999995,0.94999999999999996,106879
cloud_cover,2021,0.94999999999999996,0.95999999999999996,58089
cloud_cover,2021,0.95999999999999996,0.96999999999999997,45224
cloud_cover,2021,0.96999999999999997,0.97999999999999998,27483
cloud_cover,2021,0.97999999999999998,0.98999999999999999,5453
cloud_cover,2021,0.98999999999999999,1,0
cloud_cover,2022,0,0.01,1656
cloud_cover,2022,0.01,0.02,32937
cloud_cover,2022,0.02,0.029999999999999999,64390
cloud_cover,2022,0.029999999999999999,0.040000000000000001,124227
cloud_cover,2022,0.040000000000000001,0.050000000000000003,160066
cloud_cover,2022,0.050000000000000003,0.059999999999999998,250898
cloud_cover,2022,0.059999999999999998,0.070000000000000007,299061
cloud_cover,2022,0.070000000000000007,0.080000000000000002,399325
cloud_cover,2022,0.080000000000000002,0.089999999999999997,448111
cloud_cover,2022,0.089999999999999997,0.10000000000000001,502807
cloud_cover,2022,0.10000000000000001,0.11,601937
cloud_cover,2022,0.11,0.12,750814
cloud_cover,2022,0.12,0.13,887322
cloud_cover,2022,0.13,0.14000000000000001,1110516
cloud_cover,2022,0.14000000000000001,0.14999999999999999,1270742
cloud_cover,2022,0.14999999999999999,0.16,1499352
cloud_cover,2022,0.16,0.17000000000000001,1729022
cloud_cover,2022,0.17000000000000001,0.17999999999999999,1951408
cloud_cover,2022,0.17999999999999999,0.19,2067050
cloud_cover,2022,0.19,0.20000000000000001,2173748
cloud_cover,2022,0.20000000000000001,0.20999999999999999,2360219
cloud_cover,2022,0.20999999999999999,0.22,2492162
cloud_cover,2022,0.22,0.23000000000000001,2567321
cloud_cover,2022,0.23000000000000001,0.23999999999999999,2572657
cloud_cover,2022,0.23999999999999999,0.25,2540625
cloud_cover,2022,0.25,0.26000000000000001,2530349
cloud_cover,2022,0.26000000000000001,0.27000000000000002,2509183
cloud_cover,2022,0.27000000000000002,0.28000000000000003,2416387
cloud_cover,2022,0.28000000000000003,0.28999999999999998,2347817
cloud_cover,2022,0.28999999999999998,0.29999999999999999,2316888
cloud_cover,2022,0.29999999999999999,0.31,2264400
cloud_cover,2022,0.31,0.32000000000000001,2198248
cloud_cover,2022,0.32000000000000001,0.33000000000000002,2148139
cloud_cover,2022,0.33000000000000002,0.34000000000000002,2144711
cloud_cover,2022,0.34000000000000002,0.34999999999999998,2150520
cloud_cover,2022,0.34999999999999998,0.35999999999999999,2109579
cloud_cover,2022,0.35999999999999999,0.37,2074248
cloud_cover,2022,0.37,0.38,2056484
cloud_cover,2022,0.38,0.39000000000000001,2021599
cloud_cover,2022,0.39000000000000001,0.40000000000000002,2001226
cloud_cover,2022,0.40000000000000002,0.40999999999999998,1984533
cloud_cover,2022,0.40999999999999998,0.41999999999999998,1984928
cloud_cover,2022,0.41999999999999998,0.42999999999999999,1969842
cloud_cover,2022,0.42999999999999999,0.44,1960137
cloud_cover,2022,0.44,0.45000000000000001,1924473
cloud_cover,2022,0.45000000000000001,0.46000000000000002,1922792
cloud_cover,2022,0.46000000000000002,0.46999999999999997,1925120
cloud_cover,2022,0.46999999999999997,0.47999999999999998,1917804
cloud_cover,2022,0.47999999999999998,0.48999999999999999,1893942
cloud_cover,2022,0.48999999999999999,0.5,1884142
cloud_cover,2022,0.5,0.51000000000000001,1857245
cloud_cover,2022,0.51000000000000001,0.52000000000000002,1825023
cloud_cover,2022,0.52000000000000002,0.53000000000000003,1771321
cloud_cover,2022,0.53000000000000003,0.54000000000000004,1785360
cloud_cover,2022,0.54000000000000004,0.55000000000000004,1748326
cloud_cover,2022,0.55000000000000004,0.56000000000000005,1699186
cloud_cover,2022,0.56000000000000005,0.57000000000000006,1688740
cloud_cover,2022,0.57000000000000006,0.57999999999999996,1663547
cloud_cover,2022,0.57999999999999996,0.58999999999999997,1617190
cloud_cover,2022,0.58999999999999997,0.59999999999999998,1590174
cloud_cover,2022,0.59999999999999998,0.60999999999999999,1561293
cloud_cover,2022,0.60999999999999999,0.62,1509908
cloud_cover,2022,0.62,0.63,1435930
cloud_cover,2022,0.63,0.64000000000000001,1351327
cloud_cover,2022,0.64000000000000001,0.65000000000000002,1305986
cloud_cover,2022,0.65000000000000002,0.66000000000000003,1263147
cloud_cover,2022,0.66000000000000003,0.67000000000000004,1208963
cloud_cover,2022,0.67000000000000004,0.68000000000000005,1147349
cloud_cover,2022,0.68000000000000005,0.69000000000000006,1073744
cloud_cover,2022,0.69000000000000006,0.70000000000000007,1006597
cloud_cover,2022,0.70000000000000007,0.70999999999999996,943314
cloud_cover,2022,0.70999999999999996,0.71999999999999997,874457
cloud_cover,2022,0.71999999999999997,0.72999999999999998,826341
cloud_cover,2022,0.72999999999999998,0.73999999999999999,790189
cloud_cover,2022,0.73999999999999999,0.75,736252
cloud_cover,2022,0.75,0.76000000000000001,717823
cloud_cover,2022,0.76000000000000001,0.77000000000000002,671598
cloud_cover,2022,0.77000000000000002,0.78000000000000003,611897
cloud_cover,2022,0.78000000000000003,0.79000000000000004,601396
cloud_cover,2022,0.79000000000000004,0.80000000000000004,572219
cloud_cover,2022,0.80000000000000004,0.81000000000000005,545972
cloud_cover,2022,0.81000000000000005,0.82000000000000006,532472
cloud_cover,2022,0.82000000000000006,0.83000000000000007,514098
cloud_cover,2022,0.83000000000000007,0.83999999999999997,514588
cloud_cover,2022,0.83999999999999997,0.84999999999999998,518427
cloud_cover,2022,0.84999999999999998,0.85999999999999999,514567
cloud_cover,2022,0.85999999999999999,0.87,518879
cloud_cover,2022,0.87,0.88,562416
cloud_cover,2022,0.88,0.89000000000000001,569411
cloud_cover,2022,0.89000000000000001,0.90000000000000002,562674
cloud_cover,2022,0.90000000000000002,0.91000000000000003,570319
cloud_cover,2022,0.91000000000000003,0.92000000000000004,571820
cloud_cover,2022,0.92000000000000004,0.93000000000000005,567211
cloud_cover,2022,0.93000000000000005,0.93999999999999995,556510
cloud_cover,2022,0.93999999999999995,0.94999999999999996,565815
cloud_cover,2022,0.94999999999999996,0.95999999999999996,584971
cloud_cover,2022,0.95999999999999996,0.96999999999999997,597895
cloud_cover,2022,0.96999999999999997,0.97999999999999998,536058
cloud_cover,2022,0.97999999999999998,0.98999999999999999,276756
cloud_cover,2022,0.98999999999999999,1,18891
cloud_cover,2023,0,0.01,0
cloud_cover,2023,0.01,0.02,0
cloud_cover,2023,0.02,0.029999999999999999,0
cloud_cover,2023,0.029999999999999999,0.040000000000000001,0
cloud_cover,2023,0.040000000000000001,0.050000000000000003,7651
cloud_cover,2023,0.050000000000000003,0.059999999999999998,36649
cloud_cover,2023,0.059999999999999998,0.070000000000000007,77597
cloud_cover,2023,0.070000000000000007,0.080000000000000002,65322
cloud_cover,2023,0.080000000000000002,0.089999999999999997,95892
cloud_cover,2023,0.089999999999999997,0.10000000000000001,136943
cloud_cover,2023,0.10000000000000001,0.11,172214
cloud_cover,2023,0.11,0.12,206867
cloud_cover,2023,0.12,0.13,247534
cloud_cover,2023,0.13,0.14000000000000001,286785
cloud_cover,2023,0.14000000000000001,0.14999999999999999,336444
cloud_cover,2023,0.14999999999999999,0.16,383718
cloud_cover,2023,0.16,0.17000000000000001,458311
cloud_cover,2023,0.17000000000000001,0.17999999999999999,532721
cloud_cover,2023,0.17999999999999999,0.19,608914
cloud_cover,2023,0.19,0.20000000000000001,668190
cloud_cover,2023,0.20000000000000001,0.20999999999999999,737684
cloud_cover,2023,0.20999999999999999,0.22,801581
cloud_cover,2023,0.22,0.23000000000000001,871592
cloud_cover,2023,0.23000000000000001,0.23999999999999999,958270
cloud_cover,2023,0.23999999999999999,0.25,1038189
cloud_cover,2023,0.25,0.26000000000000001,1116276
cloud_cover,2023,0.26000000000000001,0.27000000000000002,1192334
cloud_cover,2023,0.27000000000000002,0.28000000000000003,1255355
cloud_cover,2023,0.28000000000000003,0.28999999999999998,1313975
cloud_cover,2023,0.28999999999999998,0.29999999999999999,1399449
cloud_cover,2023,0.29999999999999999,0.31,1431829
cloud_cover,2023,0.31,0.32000000000000001,1471354
cloud_cover,2023,0.32000000000000001,0.33000000000000002,1507690
cloud_cover,2023,0.33000000000000002,0.34000000000000002,1566386
cloud_cover,2023,0.34000000000000002,0.34999999999999998,1623296
cloud_cover,2023,0.34999999999999998,0.35999999999999999,1665587
cloud_cover,2023,0.35999999999999999,0.37,1729026
cloud_cover,2023,0.37,0.38,1783118
cloud_cover,2023,0.38,0.39000000000000001,1803157
cloud_cover,2023,0.39000000000000001,0.40000000000000002,1869374
cloud_cover,2023,0.40000000000000002,0.40999999999999998,1913745
cloud_cover,2023,0.40999999999999998,0.41999999999999998,1966735
cloud_cover,2023,0.41999999999999998,0.42999999999999999,1938604
cloud_cover,2023,0.42999999999999999,0.44,1970842
cloud_cover,2023,0.44,0.45000000000000001,1991508
cloud_cover,2023,0.45000000000000001,0.46000000000000002,2028620
cloud_cover,2023,0.46000000000000002,0.46999999999999997,2041066
cloud_cover,2023,0.46999999999999997,0.47999999999999998,2064986
cloud_cover,2023,0.47999999999999998,0.48999999999999999,2131531
cloud_cover,2023,0.48999999999999999,0.5,2154567
cloud_cover,2023,0.5,0.51000000000000001,2170806
cloud_cover,2023,0.51000000000000001,0.52000000000000002,2218973
cloud_cover,2023,0.52000000000000002,0.53000000000000003,2241644
cloud_cover,2023,0.53000000000000003,0.54000000000000004,2284337
cloud_cover,2023,0.54000000000000004,0.55000000000000004,2322729
cloud_cover,2023,0.55000000000000004,0.56000000000000005,2333148
cloud_cover,2023,0.56000000000000005,0.57000000000000006,2379458
cloud_cover,2023,0.57000000000000006,0.57999999999999996,2395091
cloud_cover,2023,0.57999999999999996,0.58999999999999997,2397792
cloud_cover,2023,0.58999999999999997,0.59999999999999998,2429010
cloud_cover,2023,0.59999999999999998,0.60999999999999999,2491668
cloud_cover,2023,0.60999999999999999,0.62,2484683
cloud_cover,2023,0.62,0.63,2522355
cloud_cover,2023,0.63,0.64000000000000001,2461354
cloud_cover,2023,0.64000000000000001,0.65000000000000002,2431437
cloud_cover,2023,0.65000000000000002,0.66000000000000003,2401741
cloud_cover,2023,0.66000000000000003,0.67000000000000004,2369768
cloud_cover,2023,0.67000000000000004,0.68000000000000005,2336414
cloud_cover,2023,0.68000000000000005,0.69000000000000006,2299926
cloud_cover,2023,0.69000000000000006,0.70000000000000007,2246296
cloud_cover,2023,0.70000000000000007,0.70999999999999996,2212950
cloud_cover,2023,0.70999999999999996,0.71999999999999997,2165191
cloud_cover,2023,0.71999999999999997,0.72999999999999998,2092912
cloud_cover,2023,0.72999999999999998,0.73999999999999999,2057727
cloud_cover,2023,0.73999999999999999,0.75,1945435
cloud_cover,2023,0.75,0.76000000000000001,1910924
cloud_cover,2023,0.76000000000000001,0.77000000000000002,1863732
cloud_cover,2023,0.77000000000000002,0.78000000000000003,1750381
cloud_cover,2023,0.78000000000000003,0.79000000000000004,1696086
cloud_cover,2023,0.79000000000000004,0.80000000000000004,1568035
cloud_cover,2023,0.80000000000000004,0.81000000000000005,1473935
cloud_cover,2023,0.81000000000000005,0.82000000000000006,1365650
cloud_cover,2023,0.82000000000000006,0.83000000000000007,1248467
cloud_cover,2023,0.83000000000000007,0.83999999999999997,1190470
cloud_cover,2023,0.83999999999999997,0.84999999999999998,1120997
cloud_cover,2023,0.84999999999999998,0.85999999999999999,974506
cloud_cover,2023,0.85999999999999999,0.87,847542
cloud_cover,2023,0.87,0.88,708385
cloud_cover,2023,0.88,0.89000000000000001,590267
cloud_cover,2023,0.89000000000000001,0.90000000000000002,450768
cloud_cover,2023,0.90000000000000002,0.91000000000000003,382219
cloud_cover,2023,0.91000000000000003,0.92000000000000004,272975
cloud_cover,2023,0.92000000000000004,0.93000000000000005,182026
cloud_cover,2023,0.93000000000000005,0.93999999999999995,128430
cloud_cover,2023,0.93999999999999995,0.94999999999999996,66445
cloud_cover,2023,0.94999999999999996,0.95999999999999996,20979
cloud_cover,2023,0.95999999999999996,0.96999999999999997,4703
cloud_cover,2023,0.96999999999999997,0.97999999999999998,1211
cloud_cover,2023,0.97999999999999998,0.98999999999999999,0
cloud_cover,2023,0.98999999999999999,1,0
cloud_cover,2024,0,0.01,28606
cloud_cover,2024,0.01,0.02,216653
cloud_cover,2024,0.02,0.029999999999999999,262476
cloud_cover,2024,0.029999999999999999,0.040000000000000001,331271
cloud_cover,2024,0.040000000000000001,0.050000000000000003,377355
cloud_cover,2024,0.050000000000000003,0.059999999999999998,465870
cloud_cover,2024,0.059999999999999998,0.070000000000000007,553928
cloud_cover,2024,0.070000000000000007,0.080000000000000002,604895
cloud_cover,2024,0.080000000000000002,0.089999999999999997,675461
cloud_cover,2024,0.089999999999999997,0.10000000000000001,717697
cloud_cover,2024,0.10000000000000001,0.11,697940
cloud_cover,2024,0.11,0.12,763118
cloud_cover,2024,0.12,0.13,823081
cloud_cover,2024,0.13,0.14000000000000001,873053
cloud_cover,2024,0.14000000000000001,0.14999999999999999,890691
cloud_cover,2024,0.14999999999999999,0.16,925893
cloud_cover,2024,0.16,0.17000000000000001,983229
cloud_cover,2024,0.17000000000000001,0.17999999999999999,1061284
cloud_cover,2024,0.17999999999999999,0.19,1093347
cloud_cover,2024,0.19,0.20000000000000001,1147489
cloud_cover,2024,0.20000000000000001,0.20999999999999999,1227835
cloud_cover,2024,0.20999999999999999,0.22,1324584
cloud_cover,2024,0.22,0.23000000000000001,1397498
cloud_cover,2024,0.23000000000000001,0.23999999999999999,1462694
cloud_cover,2024,0.23999999999999999,0.25,1525502
cloud_cover,2024,0.25,0.26000000000000001,1620493
cloud_cover,2024,0.26000000000000001,0.27000000000000002,1718843
cloud_cover,2024,0.27000000000000002,0.28000000000000003,1752224
cloud_cover,2024,0.28000000000000003,0.28999999999999998,1795584
cloud_cover,2024,0.28999999999999998,0.29999999999999999,1824694
cloud_cover,2024,0.29999999999999999,0.31,1850584
cloud_cover,2024,0.31,0.32000000000000001,1904339
cloud_cover,2024,0.32000000000000001,0.33000000000000002,1944653
cloud_cover,2024,0.33000000000000002,0.34000000000000002,2006502
cloud_cover,2024,0.34000000000000002,0.34999999999999998,2062603
cloud_cover,2024,0.34999999999999998,0.35999999999999999,2072548
cloud_cover,2024,0.35999999999999999,0.37,2107023
cloud_cover,2024,0.37,0.38,2161134
cloud_cover,2024,0.38,0.39000000000000001,2177829
cloud_cover,2024,0.39000000000000001,0.40000000000000002,2258080
cloud_cover,2024,0.40000000000000002,0.40999999999999998,2319692
cloud_cover,2024,0.40999999999999998,0.41999999999999998,2357398
cloud_cover,2024,0.41999999999999998,0.42999999999999999,2363313
cloud_cover,2024,0.42999999999999999,0.44,2384615
cloud_cover,2024,0.44,0.45000000000000001,2420574
cloud_cover,2024,0.45000000000000001,0.46000000000000002,2427135
cloud_cover,2024,0.46000000000000002,0.46999999999999997,2427112
cloud_cover,2024,0.46999999999999997,0.47999999999999998,2398539
cloud_cover,2024,0.47999999999999998,0.48999999999999999,2383450
cloud_cover,2024,0.48999999999999999,0.5,2391661
cloud_cover,2024,0.5,0.51000000000000001,2385459
cloud_cover,2024,0.51000000000000001,0.52000000000000002,2382227
cloud_cover,2024,0.52000000000000002,0.53000000000000003,2352090
cloud_cover,2024,0.53000000000000003,0.54000000000000004,2311871
cloud_cover,2024,0.54000000000000004,0.55000000000000004,2299851
cloud_cover,2024,0.55000000000000004,0.56000000000000005,2260581
cloud_cover,2024,0.56000000000000005,0.57000000000000006,2212690
cloud_cover,2024,0.57000000000000006,0.57999999999999996,2161775
cloud_cover,2024,0.57999999999999996,0.58999999999999997,2102173
cloud_cover,2024,0.58999999999999997,0.59999999999999998,2044531
cloud_cover,2024,0.59999999999999998,0.60999999999999999,2003457
cloud_cover,2024,0.60999999999999999,0.62,1926589
cloud_cover,2024,0.62,0.63,1884374
cloud_cover,2024,0.63,0.64000000000000001,1841812
cloud_cover,2024,0.64000000000000001,0.65000000000000002,1764894
cloud_cover,2024,0.65000000000000002,0.66000000000000003,1715244
cloud_cover,2024,0.66000000000000003,0.67000000000000004,1676152
cloud_cover,2024,0.67000000000000004,0.68000000000000005,1619895
cloud_cover,2024,0.68000000000000005,0.69000000000000006,1582250
cloud_cover,2024,0.69000000000000006,0.70000000000000007,1515154
cloud_cover,2024,0.70000000000000007,0.70999999999999996,1428905
cloud_cover,2024,0.70999999999999996,0.71999999999999997,1313045
cloud_cover,2024,0.71999999999999997,0.72999999999999998,1234305
cloud_cover,2024,0.72999999999999998,0.73999999999999999,1154039
cloud_cover,2024,0.73999999999999999,0.75,1069081
cloud_cover,2024,0.75,0.76000000000000001,1012926
cloud_cover,2024,0.76000000000000001,0.77000000000000002,943286
cloud_cover,2024,0.77000000000000002,0.78000000000000003,862924
cloud_cover,2024,0.78000000000000003,0.79000000000000004,791274
cloud_cover,2024,0.79000000000000004,0.80000000000000004,725306
cloud_cover,2024,0.80000000000000004,0.81000000000000005,681120
cloud_cover,2024,0.81000000000000005,0.82000000000000006,631067
cloud_cover,2024,0.82000000000000006,0.83000000000000007,572116
cloud_cover,2024,0.83000000000000007,0.83999999999999997,513611
cloud_cover,2024,0.83999999999999997,0.84999999999999998,459985
cloud_cover,2024,0.84999999999999998,0.85999999999999999,385785
cloud_cover,2024,0.85999999999999999,0.87,357780
cloud_cover,2024,0.87,0.88,332795
cloud_cover,2024,0.88,0.89000000000000001,294869
cloud_cover,2024,0.89000000000000001,0.90000000000000002,256695
cloud_cover,2024,0.90000000000000002,0.91000000000000003,200929
cloud_cover,2024,0.91000000000000003,0.92000000000000004,121619
cloud_cover,2024,0.92000000000000004,0.93000000000000005,77507
cloud_cover,2024,0.93000000000000005,0.93999999999999995,49149
cloud_cover,2024,0.93999999999999995,0.94999999999999996,46122
cloud_cover,2024,0.94999999999999996,0.95999999999999996,31104
cloud_cover,2024,0.95999999999999996,0.96999999999999997,15086
cloud_cover,2024,0.96999999999999997,0.97999999999999998,3885
cloud_cover,2024,0.97999999999999998,0.98999999999999999,0
cloud_cover,2024,0.98999999999999999,1,0
cloud_cover,2025,0,0.01,0
cloud_cover,2025,0.01,0.02,3736
cloud_cover,2025,0.02,0.029999999999999999,19265
cloud_cover,2025,0.029999999999999999,0.040000000000000001,57527
cloud_cover,2025,0.040000000000000001,0.050000000000000003,129611
cloud_cover,2025,0.050000000000000003,0.059999999999999998,227901
cloud_cover,2025,0.059999999999999998,0.070000000000000007,368436
cloud_cover,2025,0.070000000000000007,0.080000000000000002,516947
cloud_cover,2025,0.080000000000000002,0.089999999999999997,682336
cloud_cover,2025,0.089999999999999997,0.10000000000000001,797326
cloud_cover,2025,0.10000000000000001,0.11,910757
cloud_cover,2025,0.11,0.12,1026013
cloud_cover,2025,0.12,0.13,1112968
cloud_cover,2025,0.13,0.14000000000000001,1223470
cloud_cover,2025,0.14000000000000001,0.14999999999999999,1322264
cloud_cover,2025,0.14999999999999999,0.16,1382652
cloud_cover,2025,0.16,0.17000000000000001,1438439
cloud_cover,2025,0.17000000000000001,0.17999999999999999,1496277
cloud_cover,2025,0.17999999999999999,0.19,1554804
cloud_cover,2025,0.19,0.20000000000000001,1594654
cloud_cover,2025,0.20000000000000001,0.20999999999999999,1651377
cloud_cover,2025,0.20999999999999999,0.22,1683514
cloud_cover,2025,0.22,0.23000000000000001,1686060
cloud_cover,2025,0.23000000000000001,0.23999999999999999,1716144
cloud_cover,2025,0.23999999999999999,0.25,1743717
cloud_cover,2025,0.25,0.26000000000000001,1755492
cloud_cover,2025,0.26000000000000001,0.27000000000000002,1760732
cloud_cover,2025,0.27000000000000002,0.28000000000000003,1766617
cloud_cover,2025,0.28000000000000003,0.28999999999999998,1762363
cloud_cover,2025,0.28999999999999998,0.29999999999999999,1727186
cloud_cover,2025,0.29999999999999999,0.31,1709985
cloud_cover,2025,0.31,0.32000000000000001,1709796
cloud_cover,2025,0.32000000000000001,0.33000000000000002,1708957
cloud_cover,2025,0.33000000000000002,0.34000000000000002,1712753
cloud_cover,2025,0.34000000000000002,0.34999999999999998,1699302
cloud_cover,2025,0.34999999999999998,0.35999999999999999,1715647
cloud_cover,2025,0.35999999999999999,0.37,1707394
cloud_cover,2025,0.37,0.38,1711735
cloud_cover,2025,0.38,0.39000000000000001,1703378
cloud_cover,2025,0.39000000000000001,0.40000000000000002,1718039
cloud_cover,2025,0.40000000000000002,0.40999999999999998,1733949
cloud_cover,2025,0.40999999999999998,0.41999999999999998,1745303
cloud_cover,2025,0.41999999999999998,0.42999999999999999,1752148
cloud_cover,2025,0.42999999999999999,0.44,1765966
cloud_cover,2025,0.44,0.45000000000000001,1780986
cloud_cover,2025,0.45000000000000001,0.46000000000000002,1823525
cloud_cover,2025,0.46000000000000002,0.46999999999999997,1872472
cloud_cover,2025,0.46999999999999997,0.47999999999999998,1884002
cloud_cover,2025,0.47999999999999998,0.48999999999999999,1941682
cloud_cover,2025,0.48999999999999999,0.5,1972286
cloud_cover,2025,0.5,0.51000000000000001,2000504
cloud_cover,2025,0.51000000000000001,0.52000000000000002,2038516
cloud_cover,2025,0.52000000000000002,0.53000000000000003,2066052
cloud_cover,2025,0.53000000000000003,0.54000000000000004,2101775
cloud_cover,2025,0.54000000000000004,0.55000000000000004,2087575
cloud_cover,2025,0.55000000000000004,0.56000000000000005,2126278
cloud_cover,2025,0.56000000000000005,0.57000000000000006,2170198
cloud_cover,2025,0.57000000000000006,0.57999999999999996,2166531
cloud_cover,2025,0.57999999999999996,0.58999999999999997,2203262
cloud_cover,2025,0.58999999999999997,0.59999999999999998,2226682
cloud_cover,2025,0.59999999999999998,0.60999999999999999,2249843
cloud_cover,2025,0.60999999999999999,0.62,2272805
cloud_cover,2025,0.62,0.63,2268485
cloud_cover,2025,0.63,0.64000000000000001,2252062
cloud_cover,2025,0.64000000000000001,0.65000000000000002,2182659
cloud_cover,2025,0.65000000000000002,0.66000000000000003,2162054
cloud_cover,2025,0.66000000000000003,0.67000000000000004,2107360
cloud_cover,2025,0.67000000000000004,0.68000000000000005,2031069
cloud_cover,2025,0.68000000000000005,0.69000000000000006,1934820
cloud_cover,2025,0.69000000000000006,0.70000000000000007,1836189
cloud_cover,2025,0.70000000000000007,0.70999999999999996,1761323
cloud_cover,2025,0.70999999999999996,0.71999999999999997,1690772
cloud_cover,2025,0.71999999999999997,0.72999999999999998,1609082
cloud_cover,2025,0.72999999999999998,0.73999999999999999,1513096
cloud_cover,2025,0.73999999999999999,0.75,1391086
cloud_cover,2025,0.75,0.76000000000000001,1289333
cloud_cover,2025,0.76000000000000001,0.77000000000000002,1202134
cloud_cover,2025,0.77000000000000002,0.78000000000000003,1098774
cloud_cover,2025,0.78000000000000003,0.79000000000000004,991734
cloud_cover,2025,0.79000000000000004,0.80000000000000004,902549
cloud_cover,2025,0.80000000000000004,0.81000000000000005,787342
cloud_cover,2025,0.81000000000000005,0.82000000000000006,697743
cloud_cover,2025,0.82000000000000006,0.83000000000000007,611485
cloud_cover,2025,0.83000000000000007,0.83999999999999997,538509
cloud_cover,2025,0.83999999999999997,0.84999999999999998,471103
cloud_cover,2025,0.84999999999999998,0.85999999999999999,401536
cloud_cover,2025,0.85999999999999999,0.87,327746
cloud_cover,2025,0.87,0.88,252898
cloud_cover,2025,0.88,0.89000000000000001,199724
cloud_cover,2025,0.89000000000000001,0.90000000000000002,155295
cloud_cover,2025,0.90000000000000002,0.91000000000000003,116569
cloud_cover,2025,0.91000000000000003,0.92000000000000004,75643
cloud_cover,2025,0.92000000000000004,0.93000000000000005,53712
cloud_cover,2025,0.93000000000000005,0.93999999999999995,30974
cloud_cover,2025,0.93999999999999995,0.94999999999999996,20945
cloud_cover,2025,0.94999999999999996,0.95999999999999996,6919
cloud_cover,2025,0.95999999999999996,0.96999999999999997,818
cloud_cover,2025,0.96999999999999997,0.97999999999999998,3
cloud_cover,2025,0.97999999999999998,0.98999999999999999,0
cloud_cover,2025,0.98999999999999999,1,0
