{
  "dataset": "humidity",
  "best_epoch": 90,
  "best_val_mae": 4.5002241134643555,
  "mae": 4.558072566986084,
  "rmse": 7.105721073378566,
  "mape": 0.06913693994283676,
  "step_metrics": {
    "mae_3": 1.9632638692855835,
    "rmse_3": 3.308366060256958,
    "mape_3": 0.02942904457449913,
    "mae_6": 3.1103873252868652,
    "rmse_6": 5.092832565307617,
    "mape_6": 0.04709778353571892,
    "mae_12": 4.558072566986084,
    "rmse_12": 7.1057209968566895,
    "mape_12": 0.06913693994283676
  }
}